canonical_question_id,importance_for_review,year,source,chapter,subtopic,micro_concept,question_type,question_pattern,difficulty_estimate,correct_option,final_confidence,micro_concept_confidence,micro_concept_note,taxonomy_mismatch,question_text,option_a,option_b,option_c,option_d,source_url
cq_001113_8b315ff88f,0.6729999999999999,2025,AfterBoards CUET Business Studies PYQs linked file,Nature and Significance of Management,meaning and objectives,meaning and objectives,definition-based,definition-based,easy,B,0.12,0.45,Micro-concept uncertain; trust chapter/subtopic more.,false,"The term ""Caveat Emptor"" means:",Let the seller beware,Let the buyer beware,Let the producer beware,Let the distributor beware,https://www.afterboards.in/past-year-questions/cuet-business-studies/2025/slot-20
cq_001660_f57807f4b6,0.6689999999999999,2025,Dubuddy CUET Business Studies solved papers linked file,Principles of Management,Fayol principles,Fayol principles,definition-based,definition-based,easy,,0.16,0.45,Micro-concept uncertain; trust chapter/subtopic more.,false,"Q.13
What is the full form of EBIT?",,,,,https://dubuddy.in/files/pdfs/cuet-previous-year-papers/business-studies/2025/shift-26-05-2025-3_00PM-6_00PM.pdf
cq_001654_2cf0571fbe,0.6619999999999999,2025,Dubuddy CUET Business Studies solved papers linked file,Staffing,selection,selection,match-the-following,match-the-following,medium,,0.23,0.82,,false,"Q.32
Match List-I with List-II
Type of test
Aspects",Intelligence Tests (I) Indicator of a person’s learning ability,Aptitude Tests (II) A measure of individuals' potential for learning new skills.,"Personality Tests (III) Provide clues to a person’s emotions, her reactions, maturity and value system etc.",Interest Tests (IV) Pattern of involvement of a person. Choose the correct answer from the options given below:,https://dubuddy.in/files/pdfs/cuet-previous-year-papers/business-studies/2025/shift-22-05-2025-3_00PM-6_00PM.pdf
cq_001649_973d5aabe3,0.6579999999999999,2025,Dubuddy CUET Business Studies solved papers linked file,Organising,delegation,delegation,statement true/false,statement true/false,hard,,0.27,0.82,,false,"Q.48
Passage 2: The Software Giant – Wipro Technology
On the basis of the following passage, answer the Q. No. 46 to Q. No. 50
It’s not quite there yet, but the goal is certainly within reach. One of India’s
largest IT solutions providers, Wipro Technologies, is taking on the likes of
IBM and Accenture in its effort to be included among the largest and most
successful technology services companies in the world. Restructuring
Wipro was considered the most important step in becoming a global giant,
driven by the goal towards improved customer orientation. During the past
few months, Wipro separated itself into several subsidiaries by product
line: telecommunications, engineering, financial services, etc. Each
subsidiary brings in about $300 million in annual earnings and is self-
sufficient with their own accounting books, personnel and administrative
functions. This policy of company reduces the workload as well as
enhances productivity because of the specific workers performing a

--- Page 14 ---
specific job on a regular basis. Such a practice at Wipro further resulted in
avoidance of duplication of work, helps in preventing confusion and
minimising the wastage of efforts. Wipro shifted from a centralised to
decentralised management system. All responsibilities for growth lay with
the management of each entity. “We tried to de-layer the organisation and
empower our business leaders with a much higher degree of growth
responsibility,” said Premji. This practice gives the employee requisite time
to explore areas for growth and the opportunity to innovate thereby
strengthening the company’s competitive position. The authority dispersal
develops in the subordinate the ability to deal effectively with challenges
and helps them to realise their full potential.
""Each subsidiary brings in about $300 million in annual earnings and is
self-sufficient with their own accounting books, personnel and
administrative functions"". Identify the step from the options given below,
that is highlighted in the aforesaid statement.",,,,,https://dubuddy.in/files/pdfs/cuet-previous-year-papers/business-studies/2025/shift-22-05-2025-3_00PM-6_00PM.pdf
cq_000536_981343ed4c,0.6539999999999999,2025,AfterBoards CUET Business Studies PYQs linked file,Consumer Protection,consumer responsibilities,consumer responsibilities,definition-based,definition-based,easy,C,0.31,0.45,Micro-concept uncertain; trust chapter/subtopic more.,false,What action did Ananya first take against the store?,Filed a police complaint,Contacted a lawyer,Wrote a formal complaint to the store,Protested outside the store,https://www.afterboards.in/past-year-questions/cuet-business-studies/2025/slot-8
cq_001086_ea9e3753aa,0.6539999999999999,2025,AfterBoards CUET Business Studies PYQs linked file,Marketing,marketing mix,marketing mix,definition-based,definition-based,easy,C,0.31,0.82,,false,The buyers are willing to spend a lot of time and effort on the purchase of _________.,Convenience Products,Shopping Products,Speciality Products,Non-durable Products,https://www.afterboards.in/past-year-questions/cuet-business-studies/2025/slot-20
cq_001102_572536a872,0.6539999999999999,2025,AfterBoards CUET Business Studies PYQs linked file,Directing,Maslow hierarchy,maslow hierarchy,match-the-following,match-the-following,medium,C,0.31,0.82,,false,"Match List-I with List-II

| List-I | List-II |
| --- | --- |
| Aspects | Type of needs |
| (A) Stability of income | (I) Safety/Security Needs |
| (B) Hunger & thirst | (II) Physiological Needs |
| (C) Self-respect & autonomy | (III) Affiliation/Belonging Needs |
| (D) Acceptance and friendship | (IV) Esteem Needs |

Choose the correct answer from the options given below:","(A) - (I), (B) - (II), (C) - (III), (D) - (IV)","(A) - (I), (B) - (III), (C) - (II), (D) - (IV)","(A) - (I), (B) - (II), (C) - (IV), (D) - (III)","(A) - (III), (B) - (IV), (C) - (I), (D) - (II)",https://www.afterboards.in/past-year-questions/cuet-business-studies/2025/slot-20
cq_000491_11c2126b4b,0.6539999999999999,2025,AfterBoards CUET Business Studies PYQs linked file,Marketing,marketing mix,marketing mix,definition-based,definition-based,easy,D,0.31,0.82,,false,The rare collections of artwork or of antiques are examples of:,Convenience products,Shopping products,Non-Durable products,Speciality products,https://www.afterboards.in/past-year-questions/cuet-business-studies/2025/slot-8
cq_000181_48b5d0f9fc,0.6529999999999999,2025,AfterBoards CUET Business Studies PYQs linked file,Marketing Management,Brand Management,Brand Management,definition-based,definition-based,easy,B,0.32,0.45,Micro-concept uncertain; trust chapter/subtopic more.,true,What is Aroma Coffee House's primary branding focus?,Cost effectiveness,Sustainability,Luxury,Speed,https://www.afterboards.in/past-year-questions/cuet-business-studies/2025/slot-1
cq_001655_ce72bd3678,0.6529999999999999,2025,Dubuddy CUET Business Studies solved papers linked file,Business Environment,meaning and features,meaning and features,definition-based,definition-based,easy,,0.32,0.45,Micro-concept uncertain; trust chapter/subtopic more.,false,"Q.34
Which of the following states that a specific and definite action is to be
taken or not to be taken?",,,,,https://dubuddy.in/files/pdfs/cuet-previous-year-papers/business-studies/2025/shift-13-05-2025-9_00AM-12_00PM.pdf
cq_001650_e37f992d78,0.6519999999999999,2025,Dubuddy CUET Business Studies solved papers linked file,Planning,types of plans,types of plans,match-the-following,match-the-following,medium,,0.33,0.82,,false,"Q.31
Match List-I with List-II
List-I
List-II
(Type of
Plan)
(Aspect of Plan)",Objectives (I) The desired future position that the management would like to achieve,Strategy (II) The general statement that guides thinking,Policy (III) The broad contours of an organisation’s business,Procedures (IV) Routine steps on how to carry out activities Choose the correct answer from the options given below:,https://dubuddy.in/files/pdfs/cuet-previous-year-papers/business-studies/2025/shift-22-05-2025-3_00PM-6_00PM.pdf
cq_000780_5a6c44c730,0.6519999999999999,2025,AfterBoards CUET Business Studies PYQs linked file,Staffing,training and development,training,definition-based,definition-based,easy,C,0.33,0.82,,false,What motivational tool did Rahul implement?,Flexible working hours,A strict disciplinary policy,A reward system for exceeding targets,Job rotation,https://www.afterboards.in/past-year-questions/cuet-business-studies/2025/slot-13
cq_000530_57444d7e21,0.6519999999999999,2025,AfterBoards CUET Business Studies PYQs linked file,Staffing,employee retention,employee retention,definition-based,definition-based,easy,B,0.33,0.45,Micro-concept uncertain; trust chapter/subtopic more.,true,What is a major challenge for Infosys in its staffing strategy?,High employee turnover,Rapid technological advancements,Lack of employee motivation,Limited budget for HR activities,https://www.afterboards.in/past-year-questions/cuet-business-studies/2025/slot-8
cq_000415_c72bce09cb,0.6519999999999999,2025,AfterBoards CUET Business Studies PYQs linked file,Business Finance,Capital Structure,Capital Structure,definition-based,definition-based,easy,D,0.33,0.45,Micro-concept uncertain; trust chapter/subtopic more.,true,"The factors affecting capital structure decisions are:

(A) Fiscal policy

(B) Stock market conditions

(C) Control

(D) Risk considerations

Choose the correct answer from the options given below:","(A), (B) and (D) only","(A), (B) and (C) only","(A), (B), (C) and (D)","(B), (C) and (D) only",https://www.afterboards.in/past-year-questions/cuet-business-studies/2025/slot-6
cq_001669_06d6979e41,0.6519999999999999,2025,Dubuddy CUET Business Studies solved papers linked file,Principles of Management,Fayol principles,Fayol principles,definition-based,definition-based,easy,,0.33,0.45,Micro-concept uncertain; trust chapter/subtopic more.,false,"Q.18
""If the workload of a manager is more than his capacity, which of the
following can he use to offload the work?""",,,,,https://dubuddy.in/files/pdfs/cuet-previous-year-papers/business-studies/2025/shift-13-05-2025-9_00AM-12_00PM.pdf
cq_000013_c56c0a4019,0.6519999999999999,2025,Dubuddy CUET Business Studies solved papers linked file,Nature and Significance of Management,features of a profession,features of a profession,feature-identification,feature-identification,easy,,0.33,0.45,Micro-concept uncertain; trust chapter/subtopic more.,true,"Q.26
Which of the following are identified as features of a profession?",Well-defined body of knowledge,Existence of theoretical knowledge,Entry restricted on the basis of examination or education,Dominance of service motive Choose the correct answer from the options given below:,https://dubuddy.in/files/pdfs/cuet-previous-year-papers/business-studies/2025/shift-13-05-2025-9_00AM-12_00PM.pdf
cq_000163_fc8c0e8b07,0.6519999999999999,2025,AfterBoards CUET Business Studies PYQs linked file,Staffing,Compensation and Benefits,Compensation and Benefits,definition-based,definition-based,easy,D,0.33,0.45,Micro-concept uncertain; trust chapter/subtopic more.,true,"'Compensation refers to all forms of pay or rewards going to employees where some payments are direct and some are indirect'. 

 An indirect payment is:",Bonus,Daily Incentive,Commission,Employer paid Insurance,https://www.afterboards.in/past-year-questions/cuet-business-studies/2025/slot-1
cq_001716_e3c8ca22a1,0.6509999999999999,2025,Dubuddy CUET Business Studies solved papers linked file,Entrepreneurship Development,competencies and values,entrepreneur characteristics,case-study diagnosis,case-study diagnosis,easy,,0.34,0.82,,false,"Q.32
Savitri is biased towards her female subordinates when it comes to solving
the conflicts among the employees. Which principle is being violated here?",,,,,https://dubuddy.in/files/pdfs/cuet-previous-year-papers/business-studies/2025/shift-26-05-2025-3_00PM-6_00PM.pdf
cq_000647_9dde582eeb,0.6509999999999999,2025,AfterBoards CUET Business Studies PYQs linked file,Entrepreneurship,Entrepreneurial Competencies,Entrepreneurial Competencies,statement true/false,statement true/false,medium,C,0.34,0.45,Micro-concept uncertain; trust chapter/subtopic more.,true,"""Not being afraid of the risks associated with business and relying on one's capabilities to successfully manage these"".
Identify the entrepreneurial competency highlighted in the aforesaid statement.",Assertiveness,Persistence,Self-confidence,Systematic Planning,https://www.afterboards.in/past-year-questions/cuet-business-studies/2025/slot-11
cq_001709_3363662d19,0.6509999999999999,2025,Dubuddy CUET Business Studies solved papers linked file,Entrepreneurship Development,concept and functions,concept and functions,definition-based,definition-based,easy,,0.34,0.45,Micro-concept uncertain; trust chapter/subtopic more.,false,"Q.29
There are two projects, A and B (with the same risk involved), with a rate of
return of 10 percent and X percent, respectively, if under normal
circumstances, project B is selected. What could be the rate of return of
Project B?",,,,,https://dubuddy.in/files/pdfs/cuet-previous-year-papers/business-studies/2025/shift-22-05-2025-3_00PM-6_00PM.pdf
cq_000046_a912619cb6,0.6509999999999999,2025,Dubuddy CUET Business Studies solved papers linked file,Principles of Management,Principle of Authority and Responsibility,Principle of Authority and Responsibility,statement true/false,statement true/false,easy,,0.34,0.45,Micro-concept uncertain; trust chapter/subtopic more.,true,"Q.6
""A sales manager has to negotiate a deal with a buyer. She finds that if she
can offer a credit period of 60 days, she is likely to clinch the deal which is
supposed to fetch the company a net margin of say Rs. 50 crores. The
company entrusts her the task of clinching the deal but gives her power to
offer a credit period of only 40 days"". Identify the principle of management
violated in the aforesaid statement.",,,,,https://dubuddy.in/files/pdfs/cuet-previous-year-papers/business-studies/2025/shift-22-05-2025-3_00PM-6_00PM.pdf
cq_001644_d3d3f2613e,0.6509999999999999,2025,Dubuddy CUET Business Studies solved papers linked file,Entrepreneurship Development,competencies and values,entrepreneur characteristics,statement true/false,statement true/false,easy,,0.34,0.82,,false,"Q.31
Eliciting the support of others in the venture"". This statement is related to
which entrepreneurial competency?",,,,,https://dubuddy.in/files/pdfs/cuet-previous-year-papers/business-studies/2025/shift-16-05-2025-9_00AM-12_00PM.pdf
cq_001703_9021421468,0.6509999999999999,2025,Dubuddy CUET Business Studies solved papers linked file,Directing,supervision,leadership style,match-the-following,match-the-following,medium,,0.34,0.82,,false,"Q.40
Match List-I with List-II
List-I
List-II","Supervision (I) Process of exchange of ideas, views, facts, feelings etc",Motivation (II) Encouraging subordinates with zeal to work,Leadership (III) Direct and immediate guidance and control of subordinates,Communicatio n (IV) Guiding and influencing the work of subordinates in desired direction Choose the correct answer from the options given below:,https://dubuddy.in/files/pdfs/cuet-previous-year-papers/business-studies/2025/shift-13-05-2025-9_00AM-12_00PM.pdf
cq_000289_5d2ef5cc23,0.6499999999999999,2025,AfterBoards CUET Business Studies PYQs linked file,Controlling,objectives of standardisation,objectives of standardisation,feature-identification,feature-identification,easy,B,0.35,0.45,Micro-concept uncertain; trust chapter/subtopic more.,true,"Which of the following are the objectives of standardisation in a business organisation?

(A) To reduce a given line or product to fixed types, sizes and characteristics.

(B) To establish interchange ability of manufactured parts and products.

(C) To establish standards of excellence and quality in materials.

(D) To establish standards of performance appraisal for human resources only.

Choose the correct answer from the options given below:","(A), (B) and (D) only","(A), (B) and (C) only","(A), (B), (C) and (D)","(B), (C) and (D) only",https://www.afterboards.in/past-year-questions/cuet-business-studies/2025/slot-4
cq_000054_539947ac7d,0.6499999999999999,2025,Dubuddy CUET Business Studies solved papers linked file,Directing,motivation,motivation,feature-identification,feature-identification,hard,,0.35,0.45,Micro-concept uncertain; trust chapter/subtopic more.,false,"Q.47
Rahul is the CEO of BrightSpark Ltd., a company manufacturing LED
lighting solutions. The company recently launched a new line of smart LED
bulbs with advanced features, expecting a surge in demand. However, after
the launch, the sales were not meeting expectations, and employee morale
seemed low.
 
Firstly, Rahul identified that there was a lack of proper communication
between the marketing and production teams. He called a meeting to
clearly communicate the company’s goals and expectations for the new
product.
 
Rahul appointed Priya, a senior manager, to act as a supervisor for the
marketing team. Priya’s job was to oversee day-to-day activities, guide the
team, and resolve any conflicts. Her presence ensured that tasks were
completed on time and in alignment with the company’s objectives. She
also provided feedback and recognized the efforts of team members, which
boosted their morale.
 
Rahul implemented a reward system where employees exceeding their
targets would receive incentives. Additionally, training sessions were
organized to improve employees’ skills and confidence in handling the
advanced features of the new product.
What motivational tool did Rahul implement?",,,,,https://dubuddy.in/files/pdfs/cuet-previous-year-papers/business-studies/2025/shift-27-05-2025-3_00PM-6_00PM.pdf
cq_000328_827e645e73,0.6499999999999999,2025,AfterBoards CUET Business Studies PYQs linked file,Nature and Significance of Management,social objective,social objective,case-study diagnosis,case-study diagnosis,hard,C,0.35,0.45,Micro-concept uncertain; trust chapter/subtopic more.,true,"""She is always involved in helping poor women of the area by providing them with jobs after imparting necessary skills"". Which objective of management is reflected in this statement?",Personal objective,Organisational objective,Social objective,Administrative objective,https://www.afterboards.in/past-year-questions/cuet-business-studies/2025/slot-4
cq_000331_5db5e4b926,0.6499999999999999,2025,AfterBoards CUET Business Studies PYQs linked file,Production and Operations Management,Economies of Scale,Economies of Scale,case-study diagnosis,case-study diagnosis,hard,D,0.35,0.45,Micro-concept uncertain; trust chapter/subtopic more.,true,"""Slowly the business is growing as the number of orders are increasing, and the production cost is declining."" Which of the following concept is causing the decrease in production cost here?",Economies of Sale,Economies of Production,Economies of Scope,Economies of Scale,https://www.afterboards.in/past-year-questions/cuet-business-studies/2025/slot-4
cq_000885_e125c094fa,0.6499999999999999,2025,AfterBoards CUET Business Studies PYQs linked file,Business Finance,Project Appraisal,Project Appraisal,definition-based,definition-based,easy,B,0.35,0.45,Micro-concept uncertain; trust chapter/subtopic more.,true,"Which of the following are the components of feasibility analysis?
(A) Economic Analysis
(B) Technical Analysis
(C) Financial Analysis
(D) Personal Analysis

Choose the correct answer from the options given below:","(A), (B) and (D) only","(A), (B) and (C) only","(A), (C) and (D) only","(B), (C) and (D) only",https://www.afterboards.in/past-year-questions/cuet-business-studies/2025/slot-16
cq_000294_e2e329f26c,0.6499999999999999,2025,AfterBoards CUET Business Studies PYQs linked file,Entrepreneurship,Motivation for Entrepreneurship,Motivation for Entrepreneurship,definition-based,definition-based,easy,A,0.35,0.45,Micro-concept uncertain; trust chapter/subtopic more.,true,Identify the internal factor that motivates a person to become an entrepreneur.,Passion,Availability of raw material,Demand of the product,Government assistance and support,https://www.afterboards.in/past-year-questions/cuet-business-studies/2025/slot-4
cq_000454_4d787abcfa,0.6499999999999999,2025,AfterBoards CUET Business Studies PYQs linked file,Directing,principles of directing,principles of directing,feature-identification,feature-identification,easy,D,0.35,0.45,Micro-concept uncertain; trust chapter/subtopic more.,true,Which of the following is not the principle of directing?,Unity of command,Harmony of objectives,Leadership,Corrective action,https://www.afterboards.in/past-year-questions/cuet-business-studies/2025/slot-7
cq_000144_d4153814d3,0.6499999999999999,2025,AfterBoards CUET Business Studies PYQs linked file,Nature and Significance of Management,features of a profession,features of a profession,feature-identification,feature-identification,easy,A,0.35,0.45,Micro-concept uncertain; trust chapter/subtopic more.,true,"Which of the following are identified as features of a profession?
(A) Well-defined body of knowledge
(B) Existence of theoretical knowledge
(C) Entry restricted on the basis of examination or education
(D) Dominance of service motive

Choose the correct answer from the options given below:","(A), (C) and (D) only","(A), (B) and (C) only","(A), (B), (C) and (D)","(B), (C) and (D) only",https://www.afterboards.in/past-year-questions/cuet-business-studies/2025/slot-1
cq_000135_97ce943ede,0.6499999999999999,2025,Dubuddy CUET Business Studies solved papers linked file,Directing,supervision,supervision,feature-identification,feature-identification,hard,,0.35,0.45,Micro-concept uncertain; trust chapter/subtopic more.,false,"Q.50
Rahul is the CEO of BrightSpark Ltd., a company manufacturing LED
lighting solutions. The company recently launched a new line of smart LED
bulbs with advanced features, expecting a surge in demand. However, after

--- Page 14 ---
the launch, the sales were not meeting expectations, and employee morale
seemed low.
Firstly, Rahul identified that there was a lack of proper communication
between the marketing and production teams. He called a meeting to
clearly communicate the company’s goals and expectations for the new
product.
Rahul appointed Priya, a senior manager, to act as a supervisor for the
marketing team. Priya’s job was to oversee day-to-day activities, guide the
team, and resolve any conflicts. Her presence ensured that tasks were
completed on time and in alignment with the company’s objectives. She
also provided feedback and recognized the efforts of team members, which
boosted their morale.
Rahul implemented a reward system where employees exceeding their
targets would receive incentives. Additionally, training sessions were
organized to improve employees’ skills and confidence in handling the
advanced features of the new product.
""Priya's job was to oversee day-to-day activities, guide the team, and
resolve any conflicts."" Which element of directing is highlighted in these
lines?",,,,,https://dubuddy.in/files/pdfs/cuet-previous-year-papers/business-studies/2025/shift-27-05-2025-3_00PM-6_00PM.pdf
cq_000620_ad71cee08b,0.6499999999999999,2025,AfterBoards CUET Business Studies PYQs linked file,Nature and Significance of Management,dimensions of management,dimensions of management,definition-based,definition-based,easy,A,0.35,0.45,Micro-concept uncertain; trust chapter/subtopic more.,true,"Management is a complex and multi dimensional activity that has three main dimensions. Identify, from the options given below, which is NOT included in the three dimensions.",Management of Public,Management of People,Management of Work,Management of Operations,https://www.afterboards.in/past-year-questions/cuet-business-studies/2025/slot-10
cq_000213_453e668db5,0.6499999999999999,2025,AfterBoards CUET Business Studies PYQs linked file,Consumer Protection,consumer products,consumer products,definition-based,definition-based,easy,C,0.35,0.45,Micro-concept uncertain; trust chapter/subtopic more.,true,Which of the following is a consumer product?,Tyres purchased by a tyre manufacturing company,Wheat flour purchased by Pizza making company,Pen purchased by a shopkeeper for his personal daily use,Mustard oil purchased by a restaurant,https://www.afterboards.in/past-year-questions/cuet-business-studies/2025/slot-2
cq_000211_1e8a4fe8ec,0.6499999999999999,2025,AfterBoards CUET Business Studies PYQs linked file,Financial Management,Profitability Ratios,Profitability Ratios,definition-based,definition-based,easy,B,0.35,0.45,Micro-concept uncertain; trust chapter/subtopic more.,true,What is the full form of EBIT?,Earning Before Income Tax,Earning Before Interest and Tax,Expense Before Income and Tax,Expenses Before Interest and Tax,https://www.afterboards.in/past-year-questions/cuet-business-studies/2025/slot-2
cq_000255_41cec094d3,0.6499999999999999,2025,AfterBoards CUET Business Studies PYQs linked file,Marketing,competition and response strategies,competition and response strategies,statement true/false,statement true/false,easy,A,0.35,0.45,Micro-concept uncertain; trust chapter/subtopic more.,true,"If an Indian firm finds that a foreign multinational is entering the Indian market with new substitutes, it can prepare itself to meet the threat by adopting which of the following measures:

(A) Improving the quality of the products
(B) Reducing cost of production
(C) Engaging in aggressive advertising and making false claims
(D) Upgrading technology

Choose the correct answer from the options given below:","(A), (B) and (D) only","(A), (B) and (C) only","(A), (B), (C) and (D)","(B), (C) and (D) only",https://www.afterboards.in/past-year-questions/cuet-business-studies/2025/slot-3
cq_000761_395f387de5,0.6499999999999999,2025,AfterBoards CUET Business Studies PYQs linked file,Functions of Management,Staffing,Staffing,definition-based,definition-based,easy,A,0.35,0.45,Micro-concept uncertain; trust chapter/subtopic more.,true,"Which of the following is concerned with obtaining, utilizing and maintaining a satisfactory and satisfied work force?",Staffing,Controlling,Directing,Planning,https://www.afterboards.in/past-year-questions/cuet-business-studies/2025/slot-13
cq_000217_7fd87c158c,0.6499999999999999,2025,AfterBoards CUET Business Studies PYQs linked file,Planning,Budgeting,Budgeting,feature-identification,feature-identification,easy,A,0.35,0.45,Micro-concept uncertain; trust chapter/subtopic more.,true,"Which of the following are important features of the 'Budget'?

(A) The budget is a single-use plan containing expected results in theoretical terms only.

(B) Budgets may be expressed in terms of time, materials or other suitable units capable of numerical expression.

(C) The budget is a plan which quantifies future facts and figures.

(D) The budget projects the expected revenues and expenses for a given period.

Choose the correct answer from the options given below:","(B), (C) and (D) only","(A), (B) and (C) only","(A), (B) and (D) only","(A), (C) and (D) only",https://www.afterboards.in/past-year-questions/cuet-business-studies/2025/slot-2
cq_000515_af6f267819,0.6499999999999999,2025,AfterBoards CUET Business Studies PYQs linked file,Nature and Significance of Management,features of management as an art,features of management as an art,feature-identification,feature-identification,easy,D,0.35,0.45,Micro-concept uncertain; trust chapter/subtopic more.,true,Which of the following is not a feature of management as an art?,Based on practice and creativity,Personalised application,Existence of theoretical knowledge,Restricted entry,https://www.afterboards.in/past-year-questions/cuet-business-studies/2025/slot-8
cq_000946_aa0bb61b2f,0.6499999999999999,2025,AfterBoards CUET Business Studies PYQs linked file,Entrepreneurship Development,functions of an entrepreneur,functions of an entrepreneur,feature-identification,feature-identification,easy,B,0.35,0.45,Micro-concept uncertain; trust chapter/subtopic more.,true,"Which of the following is not the function of an entrepreneur?

<ol>
<li>Impact on local communities</li>
<li>Decrease the spectrum of economic activities</li>
<li>Generation of employment</li>
<li>Improvement in economic efficiency</li>
</ol>",1,2,3,4,https://www.afterboards.in/past-year-questions/cuet-business-studies/2025/slot-17
cq_000916_394fa288cd,0.6499999999999999,2025,AfterBoards CUET Business Studies PYQs linked file,Nature and Significance of Management,Organizational Structure and Communication Networks,Organizational Structure and Communication Networks,definition-based,definition-based,easy,A,0.35,0.45,Micro-concept uncertain; trust chapter/subtopic more.,true,Which of the following network allows a subordinate to communicate with his superior and his superior's superior?,Inverted V,Free Rein,Circular,Wheel,https://www.afterboards.in/past-year-questions/cuet-business-studies/2025/slot-16
cq_000771_5682d74405,0.6499999999999999,2025,AfterBoards CUET Business Studies PYQs linked file,Marketing,product classification,product classification,definition-based,definition-based,easy,A,0.35,0.45,Micro-concept uncertain; trust chapter/subtopic more.,true,"Which of the following are classified as Consumer Products on the basis of shopping efforts involved?
(A) Shopping Products
(B) Specialty Products
(C) Capital items
(D) Convenience Products

Choose the correct answer from the options given below:","(A), (B) and (D) only","(A), (B) and (C) only","(A), (B), (C) and (D)","(B), (C) and (D) only",https://www.afterboards.in/past-year-questions/cuet-business-studies/2025/slot-13
cq_000801_0110df0efc,0.6499999999999999,2025,AfterBoards CUET Business Studies PYQs linked file,Financial Management,Current Assets,Current Assets,definition-based,definition-based,easy,D,0.35,0.45,Micro-concept uncertain; trust chapter/subtopic more.,true,Identify the asset which can be easily converted into cash.,Building,Machinery,Furniture,Marketable securities,https://www.afterboards.in/past-year-questions/cuet-business-studies/2025/slot-14
cq_000456_287f14e864,0.6499999999999999,2025,AfterBoards CUET Business Studies PYQs linked file,Nature and Significance of Management,decentralization,decentralization,definition-based,definition-based,easy,A,0.35,0.45,Micro-concept uncertain; trust chapter/subtopic more.,true,"Which of the following are the advantages of decentralization?
(A) It facilitates quick decisions and improves the quality of the decisions.
(B) It provides actual work experience to a large number of middle and lower managers.
(C) It ensures strict control at all levels.
(D) Provides relief to top management.
Choose the correct answer from the options given below:","(A), (B) and (D) only","(A), (B) and (C) only","(A), (B), (C) and (D)","(B), (C) and (D) only",https://www.afterboards.in/past-year-questions/cuet-business-studies/2025/slot-7
cq_000930_75208713d0,0.6499999999999999,2025,AfterBoards CUET Business Studies PYQs linked file,Marketing,Promotion Mix,Promotion Mix,definition-based,definition-based,easy,A,0.35,0.45,Micro-concept uncertain; trust chapter/subtopic more.,true,What promotional tool was extensively used?,Social media influencers,TV commercials,Billboards,Newspaper advertisements,https://www.afterboards.in/past-year-questions/cuet-business-studies/2025/slot-16
cq_000194_f9cdbf97f5,0.6499999999999999,2025,AfterBoards CUET Business Studies PYQs linked file,Marketing,marketing management philosophies,marketing,definition-based,definition-based,easy,D,0.35,0.82,,false,The Concept of Staffing is about:,"Relationships between people, work and resources",External customers,Suppliers,Employees,https://www.afterboards.in/past-year-questions/cuet-business-studies/2025/slot-2
cq_001083_8c3a69dcee,0.6499999999999999,2025,AfterBoards CUET Business Studies PYQs linked file,Physical Distribution,Functions of Physical Distribution,Functions of Physical Distribution,definition-based,definition-based,easy,A,0.35,0.45,Micro-concept uncertain; trust chapter/subtopic more.,true,Which of the following components are important activities involved in physical distribution?,"Transportation, Warehousing, Order processing, and Inventory Control","Transportation, Labeling, Material Handling, and Inventory Control","Transportation, Branding, Material Handling, and Inventory Control","Transportation, Packaging, Material Handling, and Inventory Control",https://www.afterboards.in/past-year-questions/cuet-business-studies/2025/slot-20
cq_001028_bfb1048d77,0.6499999999999999,2025,AfterBoards CUET Business Studies PYQs linked file,Marketing,Pricing,price mix,chronology/process order,chronology/process order,medium,B,0.35,0.82,,false,"""The company charges low prices compared to their competitors in the market. This is done by the company to capture market share."" Identify the pricing objective adopted by the company in the aforesaid statement.",Attaining product quality leadership,Obtaining market share leadership,Surviving in the competitive market,Attaining large scale production leadership,https://www.afterboards.in/past-year-questions/cuet-business-studies/2025/slot-18
cq_000206_c92585d6c0,0.6499999999999999,2025,AfterBoards CUET Business Studies PYQs linked file,Principles of Management,environmental scanning techniques,environmental scanning techniques,definition-based,definition-based,easy,B,0.35,0.45,Micro-concept uncertain; trust chapter/subtopic more.,true,Which of the following techniques is not used for environmental scanning?,SWOT Analysis,Budgetary Analysis,PESTAL Analysis,Industry Analysis,https://www.afterboards.in/past-year-questions/cuet-business-studies/2025/slot-2
cq_000737_f49de07d7f,0.6499999999999999,2025,AfterBoards CUET Business Studies PYQs linked file,Staffing,Compensation and Benefits,Compensation and Benefits,definition-based,definition-based,easy,A,0.35,0.45,Micro-concept uncertain; trust chapter/subtopic more.,true,Identify the types of direct financial payment from the options given below?,Time based or Performance based,Compensation or Salary,Wages or Salary,Wages or Compensation,https://www.afterboards.in/past-year-questions/cuet-business-studies/2025/slot-13
cq_000212_a0c4e5df8a,0.6499999999999999,2025,AfterBoards CUET Business Studies PYQs linked file,Business Finance,Owners' Funds,Owners' Funds,definition-based,definition-based,easy,A,0.35,0.45,Micro-concept uncertain; trust chapter/subtopic more.,true,Which of the following cannot be termed as owners' funds?,Debenture,Equity,Retained earning,Reserves and surplus,https://www.afterboards.in/past-year-questions/cuet-business-studies/2025/slot-2
cq_000041_cf97dba986,0.6499999999999999,2025,Dubuddy CUET Business Studies solved papers linked file,Organising,divisional structure,divisional structure,statement true/false,statement true/false,hard,,0.35,0.45,Micro-concept uncertain; trust chapter/subtopic more.,true,"Q.47
Passage 2: The Software Giant – Wipro Technology
On the basis of the following passage, answer the Q. No. 46 to Q. No. 50
It’s not quite there yet, but the goal is certainly within reach. One of India’s
largest IT solutions providers, Wipro Technologies, is taking on the likes of
IBM and Accenture in its effort to be included among the largest and most
successful technology services companies in the world. Restructuring
Wipro was considered the most important step in becoming a global giant,
driven by the goal towards improved customer orientation. During the past
few months, Wipro separated itself into several subsidiaries by product
line: telecommunications, engineering, financial services, etc. Each
subsidiary brings in about $300 million in annual earnings and is self-
sufficient with their own accounting books, personnel and administrative
functions. This policy of company reduces the workload as well as
enhances productivity because of the specific workers performing a
specific job on a regular basis. Such a practice at Wipro further resulted in
avoidance of duplication of work, helps in preventing confusion and
minimising the wastage of efforts. Wipro shifted from a centralised to
decentralised management system. All responsibilities for growth lay with
the management of each entity. “We tried to de-layer the organisation and
empower our business leaders with a much higher degree of growth
responsibility,” said Premji. This practice gives the employee requisite time
to explore areas for growth and the opportunity to innovate thereby
strengthening the company’s competitive position. The authority dispersal
develops in the subordinate the ability to deal effectively with challenges
and helps them to realise their full potential.
“Wipro separated itself into several subsidiaries by product line:
telecommunications, engineering, financial services, etc”. On the basis of
the aforesaid statement, identify the organizational structure which is best
suited for the company?",,,,,https://dubuddy.in/files/pdfs/cuet-previous-year-papers/business-studies/2025/shift-22-05-2025-3_00PM-6_00PM.pdf
cq_000952_d5f39a0b5f,0.6499999999999999,2025,AfterBoards CUET Business Studies PYQs linked file,Business Finance,Cost Classification,Cost Classification,definition-based,definition-based,easy,C,0.35,0.45,Micro-concept uncertain; trust chapter/subtopic more.,true,"A sales manager's salary is Rs. 50,000, but he also receives a 2.5% commission if the sale increases from 3500 units.
Identify the type of cost highlighted here:",Fixed cost,Variable cost,Semi-variable cost,Total cost,https://www.afterboards.in/past-year-questions/cuet-business-studies/2025/slot-17
cq_000997_78e8ea691c,0.6499999999999999,2025,AfterBoards CUET Business Studies PYQs linked file,Nature and Scope of Business,Profession,Profession,feature-identification,feature-identification,easy,B,0.35,0.45,Micro-concept uncertain; trust chapter/subtopic more.,true,"Identify from the options given below, which is not the basic feature of a profession.",Professional Association,Universal Validity,Service Motive,Ethical Code of Conduct,https://www.afterboards.in/past-year-questions/cuet-business-studies/2025/slot-18
cq_000002_43cc01710c,0.586,2025,Dubuddy CUET Business Studies solved papers linked file,Nature and Significance of Management,meaning and objectives,meaning and objectives,principle-identification,principle-identification,easy,,0.99,0.45,Micro-concept uncertain; trust chapter/subtopic more.,false,"Q.37
All the units of an organisation should move towards the same objectives
through coordinated and focused efforts. Identify this principle of
management.",,,,,https://dubuddy.in/files/pdfs/cuet-previous-year-papers/business-studies/2025/shift-16-05-2025-9_00AM-12_00PM.pdf
cq_000007_9bf3ad1ce5,0.593,2025,Dubuddy CUET Business Studies solved papers linked file,Controlling,control process,control process,chronology/process order,chronology/process order,easy,,0.92,0.45,Micro-concept uncertain; trust chapter/subtopic more.,false,"Q.12
Choose the correct order of controlling process.",Comparison of actual performance with standards,Setting performance standards & measurement of actual performance,Taking corrective action,Analysing deviations Choose the correct answer from the options given below:,https://dubuddy.in/files/pdfs/cuet-previous-year-papers/business-studies/2025/shift-16-05-2025-9_00AM-12_00PM.pdf
cq_000009_c1d969901f,0.586,2025,Dubuddy CUET Business Studies solved papers linked file,Nature and Significance of Management,meaning and objectives,meaning and objectives,definition-based,definition-based,easy,,0.99,0.45,Micro-concept uncertain; trust chapter/subtopic more.,false,"Q.14
Which of the following is a comprehensive plan for accomplishing
organizational objectives?",,,,,https://dubuddy.in/files/pdfs/cuet-previous-year-papers/business-studies/2025/shift-27-05-2025-3_00PM-6_00PM.pdf
cq_000010_c7e2a14e1f,0.632,2025,Dubuddy CUET Business Studies solved papers linked file,Principles of Management,Fayol principles,Fayol principles,definition-based,definition-based,easy,,0.53,0.45,Micro-concept uncertain; trust chapter/subtopic more.,false,"Q.4
Which of the following is concerned with obtaining, utilizing and
maintaining a satisfactory and satisfied work force?",,,,,https://dubuddy.in/files/pdfs/cuet-previous-year-papers/business-studies/2025/shift-27-05-2025-3_00PM-6_00PM.pdf
cq_000011_c6c21691ed,0.61,2025,Dubuddy CUET Business Studies solved papers linked file,Business Finance,financing decision,financing decision,definition-based,definition-based,medium,,0.75,0.45,Micro-concept uncertain; trust chapter/subtopic more.,false,"Q.47
Read the passage and answer the following questions:
GreenTech Solutions, a renewable energy company, focuses on achieving
financial stability and growth through robust financial management. The
company ensures efficient allocation of business finance to expand
operations, adopt new technology, and maintain a competitive edge. Its
financial planning is centered on long-term sustainability, balancing
profitability with eco-friendly initiatives.
 

--- Page 13 ---
To optimize its capital structure, GreenTech maintains a balanced mix of
debt and equity, minimizing the cost of capital while ensuring financial
flexibility. The firm undertakes thorough capital budgeting processes to
evaluate projects like setting up new solar farms, ensuring only viable
investments are pursued. Tools like Net Present Value (NPV) and Internal
Rate of Return (IRR) guide decision-making.
 
GreenTech's dividend decision aligns with its growth strategy. While
retaining a significant portion of earnings for reinvestment, the company
ensures consistent dividends to satisfy shareholders. This approach
strengthens investor confidence while funding expansion plans.
 
Efficient working capital management ensures smooth day-to-day
operations. By optimizing cash flow, managing inventory, and negotiating
favorable credit terms with suppliers, GreenTech avoids liquidity issues
while meeting short-term obligations.
 
Through prudent financial strategies, GreenTech achieves its goal of
profitability and sustainability, setting an example in the renewable energy
sector.
 
Which process evaluates the viability of long-term investment projects?",,,,,https://dubuddy.in/files/pdfs/cuet-previous-year-papers/business-studies/2025/shift-13-05-2025-9_00AM-12_00PM.pdf
cq_000012_cda2075649,0.592,2025,Dubuddy CUET Business Studies solved papers linked file,Nature and Significance of Management,meaning and objectives,meaning and objectives,definition-based,definition-based,easy,,0.93,0.45,Micro-concept uncertain; trust chapter/subtopic more.,false,"Q.1
Planning is an important function of management which involves defining
the following:",Setting objectives,"Deciding on plans, actions and strategies to achieve organisational goals",Allocating and arranging resources,Motivating and inspiring people to perform better Choose the correct answer from the options given below:,https://dubuddy.in/files/pdfs/cuet-previous-year-papers/business-studies/2025/shift-13-05-2025-9_00AM-12_00PM.pdf
cq_000016_e958a5b882,0.628,2025,Dubuddy CUET Business Studies solved papers linked file,Nature and Significance of Management,features of management,features of management,definition-based,definition-based,easy,,0.57,0.45,Micro-concept uncertain; trust chapter/subtopic more.,false,"Q.23
Identify the management function focusing on assigning duties, grouping
tasks, establishing authority and allocating resources required to carry out",specific plan.,,,,https://dubuddy.in/files/pdfs/cuet-previous-year-papers/business-studies/2025/shift-22-05-2025-3_00PM-6_00PM.pdf
cq_000018_121dcdd5b4,0.614,2025,Dubuddy CUET Business Studies solved papers linked file,Organising,meaning and process,meaning and process,chronology/process order,chronology/process order,easy,,0.71,0.45,Micro-concept uncertain; trust chapter/subtopic more.,false,"Q.34
Arrange the following in the correct sequence of the organizing process.",Grouping the activities into workable units,Workers are placed under the charge of an individual,Identification and classification of activities,Establishing a hierarchical structure and making provision for effective coordination Choose the correct answer from the options given below:,https://dubuddy.in/files/pdfs/cuet-previous-year-papers/business-studies/2025/shift-26-05-2025-3_00PM-6_00PM.pdf
cq_000026_ca4cbff2e8,0.627,2025,Dubuddy CUET Business Studies solved papers linked file,Nature and Significance of Management,meaning and objectives,meaning and objectives,feature-identification,feature-identification,hard,,0.58,0.45,Micro-concept uncertain; trust chapter/subtopic more.,false,"Q.46
Rahul is the CEO of BrightSpark Ltd., a company manufacturing LED
lighting solutions. The company recently launched a new line of smart LED
bulbs with advanced features, expecting a surge in demand. However, after
the launch, the sales were not meeting expectations, and employee morale
seemed low.
 
Firstly, Rahul identified that there was a lack of proper communication
between the marketing and production teams. He called a meeting to
clearly communicate the company’s goals and expectations for the new
product.
 
Rahul appointed Priya, a senior manager, to act as a supervisor for the
marketing team. Priya’s job was to oversee day-to-day activities, guide the
team, and resolve any conflicts. Her presence ensured that tasks were
completed on time and in alignment with the company’s objectives. She
also provided feedback and recognized the efforts of team members, which
boosted their morale.
 
Rahul implemented a reward system where employees exceeding their
targets would receive incentives. Additionally, training sessions were
organized to improve employees’ skills and confidence in handling the
advanced features of the new product.
Rahul identified that there was a lack of proper communication between
the marketing and production teams"". Which concept of management is
lacking here in these lines?",,,,,https://dubuddy.in/files/pdfs/cuet-previous-year-papers/business-studies/2025/shift-27-05-2025-3_00PM-6_00PM.pdf
cq_000037_8ca4066900,0.596,2025,Dubuddy CUET Business Studies solved papers linked file,Staffing,training and development,training and development,definition-based,definition-based,easy,,0.89,0.45,Micro-concept uncertain; trust chapter/subtopic more.,false,"Q.29
In which method of on-the-job training, the trainee is kept under the
guidance of a master worker?",,,,,https://dubuddy.in/files/pdfs/cuet-previous-year-papers/business-studies/2025/shift-27-05-2025-3_00PM-6_00PM.pdf
cq_000039_227b0b7b21,0.598,2025,Dubuddy CUET Business Studies solved papers linked file,Entrepreneurship Development,need and characteristics,need and characteristics,concept-to-example,concept-to-example,easy,,0.87,0.45,Micro-concept uncertain; trust chapter/subtopic more.,false,"Q.21
List–I
List–II
Entrepreneurial
Motivation
Explanation",Need for Affiliation (N–Aff.) (I) It is a desire for independence and being responsible and accountable to oneself,Need for Achievement (N– Ach.) (II) It is concerned about influencing people or the behavior of others for moving in the chosen direction,Need for Autonomy (N– Aut.) (III) Desire to carry on the tradition of business in the family and the community to which one belongs,Need for Power (N–Pow.) (IV) It implies a desire to accomplish something difficult Choose the correct answer from the options given below:,https://dubuddy.in/files/pdfs/cuet-previous-year-papers/business-studies/2025/shift-27-05-2025-3_00PM-6_00PM.pdf
cq_000040_bb0068c9ef,0.601,2025,Dubuddy CUET Business Studies solved papers linked file,Controlling,control process,control process,definition-based,definition-based,medium,,0.84,0.45,Micro-concept uncertain; trust chapter/subtopic more.,false,"Q.45
Aditi is the manager of a growing manufacturing company called
ShineTech Pvt. Ltd. The company specializes in producing eco-friendly
household appliances. Over the past year, the company has faced several
challenges, including delayed deliveries, inconsistent product quality, and
rising costs. These issues impacted customer satisfaction and reduced
profits.
To address these challenges, Aditi decided to strengthen the controlling
function in the organization. She introduced a system of performance
standards, clearly defined goals, and a method to regularly monitor
progress. For instance, production efficiency was set at 95%, customer
complaints were to be reduced by 20%, and delivery deadlines had to be
met 95% of the time. She ensured that each department understood their
specific standards.
Aditi also implemented a weekly review system where the team could
assess their performance against the standards. Any deviations were
identified, and corrective actions were taken immediately. For instance,
when it was found that the quality control team was understaffed, Aditi
hired additional inspectors and provided training.
Moreover, Aditi used technology to track performance in real-time. She
introduced an automated system for inventory management to reduce
wastage and monitor production schedules closely. This system helped
ShineTech Pvt. Ltd. streamline operations and identify areas of
improvement quickly.
""When it was found that the quality control team was understaffed, Aditi
hired additional inspectors and provided training"". Which step of
management function is highlighted in these lines?",,,,,https://dubuddy.in/files/pdfs/cuet-previous-year-papers/business-studies/2025/shift-27-05-2025-3_00PM-6_00PM.pdf
cq_000049_13e17f3d01,0.586,2025,Dubuddy CUET Business Studies solved papers linked file,Consumer Protection,consumer rights,consumer rights,statement true/false,statement true/false,medium,,0.99,0.45,Micro-concept uncertain; trust chapter/subtopic more.,false,"Q.25
""Electrical appliances which are manufactured with substandard products
or do not conform to the safety norms might cause serious injury. Thus,
consumers are educated that they should use electrical appliances which
are ISI marked as this would be an assurance of such products meeting
quality specifications. ""Identify the consumer right highlighted in the
aforesaid statement.",,,,,https://dubuddy.in/files/pdfs/cuet-previous-year-papers/business-studies/2025/shift-22-05-2025-3_00PM-6_00PM.pdf
cq_000058_690b278429,0.636,2025,Dubuddy CUET Business Studies solved papers linked file,Nature and Significance of Management,meaning and objectives,meaning and objectives,definition-based,definition-based,easy,,0.49,0.45,Micro-concept uncertain; trust chapter/subtopic more.,false,"Q.8
__________ bridges the gap from where we are, to where we want to go by
deciding in advance what to do, when to do, and who is to do it.",,,,,https://dubuddy.in/files/pdfs/cuet-previous-year-papers/business-studies/2025/shift-26-05-2025-3_00PM-6_00PM.pdf
cq_000074_86e5e0917a,0.606,2025,Dubuddy CUET Business Studies solved papers linked file,Nature and Significance of Management,meaning and objectives,meaning and objectives,chronology/process order,chronology/process order,easy,,0.79,0.45,Micro-concept uncertain; trust chapter/subtopic more.,false,"Q.38
__________ involves synchronisation of the different actions or efforts of
the various units of an organization by providing the requisite amount,
quality, timing and sequence of efforts which ensures that planned
objectives are achieved with a minimum of conflict.",,,,,https://dubuddy.in/files/pdfs/cuet-previous-year-papers/business-studies/2025/shift-13-05-2025-9_00AM-12_00PM.pdf
cq_000083_0fbbc0edd1,0.617,2025,Dubuddy CUET Business Studies solved papers linked file,Planning,planning process,planning process,statement true/false,statement true/false,medium,,0.68,0.45,Micro-concept uncertain; trust chapter/subtopic more.,false,"Q.27
""Following a pre-decided plan, when circumstances have changed, may
not turn out to be in the organisations interest."" Identify the limitation of
planning highlighted in the aforesaid statement.

--- Page 7 ---",,,,,https://dubuddy.in/files/pdfs/cuet-previous-year-papers/business-studies/2025/shift-22-05-2025-3_00PM-6_00PM.pdf
cq_000086_e5aa261c64,0.5405000000000001,2024,AfterBoards CUET Business Studies PYQs linked file,Principles of Management,Taylor scientific management,Taylor scientific management,principle-identification,principle-identification,easy,A,0.99,0.45,Micro-concept uncertain; trust chapter/subtopic more.,false,Identify the Principle of Management where Taylor pioneered the introduction of method of scientific inquiry into the domain of management practice.,"Science, not rule of thumb",Harmony not discord,"Cooperation, not individualism",Development of each and every person to the greatest efficiency and prosperity,https://www.afterboards.in/past-year-questions/cuet-business-studies/2024/slot-1
cq_000089_90592b8695,0.5405000000000001,2024,AfterBoards CUET Business Studies PYQs linked file,Business Environment,dimensions,dimensions,definition-based,definition-based,easy,D,0.99,0.45,Micro-concept uncertain; trust chapter/subtopic more.,false,Under which dimension of business environment is 'Online Booking of Air Tickets' included?,Legal dimension,Economic dimension,Technical dimension,Social dimension,https://www.afterboards.in/past-year-questions/cuet-business-studies/2024/slot-1
cq_000091_df73ccf1b2,0.5405000000000001,2024,AfterBoards CUET Business Studies PYQs linked file,Business Environment,dimensions,dimensions,example-to-concept,example-to-concept,easy,B,0.99,0.45,Micro-concept uncertain; trust chapter/subtopic more.,false,Which of the following is an example of legal environment?,Death/Birth Ratio,Trade Union Act,Prevailing Political System,Public Debt,https://www.afterboards.in/past-year-questions/cuet-business-studies/2024/slot-1
cq_000100_24e41575ac,0.5655000000000001,2024,AfterBoards CUET Business Studies PYQs linked file,Controlling,control process,control process,feature-identification,feature-identification,medium,C,0.74,0.45,Micro-concept uncertain; trust chapter/subtopic more.,false,Which of the following is not a limitation of Controlling?,Costly affair,Resistance from employees,Ensure order and discipline,Little control on external factors,https://www.afterboards.in/past-year-questions/cuet-business-studies/2024/slot-1
cq_000102_135f9a40bc,0.5525000000000001,2024,AfterBoards CUET Business Studies PYQs linked file,Controlling,control process,control process,example-to-concept,example-to-concept,easy,B,0.87,0.45,Micro-concept uncertain; trust chapter/subtopic more.,false,Only a 5% increase in labour cost may be more troublesome than a 15% increase in postal charges.' Identify the concept pointed out in the direction.,Deviation,Critical point control,Break-even analysis,Critical path method,https://www.afterboards.in/past-year-questions/cuet-business-studies/2024/slot-1
cq_000103_baa48c8ab2,0.5965000000000001,2024,AfterBoards CUET Business Studies PYQs linked file,Business Finance,financial management,financial management,statement true/false,statement true/false,easy,B,0.43,0.45,Micro-concept uncertain; trust chapter/subtopic more.,false,Identify the function performed by Financial Market from the following statement: 'Holders of assets can readily sell their financial assets through the mechanism of the financial market.',Reduce the cost of transactions,Provide liquidity to financial assets,Facilitate price discovery,Mobilisation of savings and channelising them into the most productive uses,https://www.afterboards.in/past-year-questions/cuet-business-studies/2024/slot-1
cq_000105_37600d23c6,0.5405000000000001,2024,AfterBoards CUET Business Studies PYQs linked file,Consumer Protection,importance,importance,definition-based,definition-based,easy,C,0.99,0.45,Micro-concept uncertain; trust chapter/subtopic more.,false,"Identify the importance of consumer protection discussed in the following lines - 'Business organisations make money by selling goods and providing services to consumers. Thus, consumers form an important group among the many stakeholders of business and like other stakeholders, their interest has to be well taken care of.'",Moral justification,Business uses society's resources,Social responsibility,Long-term interest of business,https://www.afterboards.in/past-year-questions/cuet-business-studies/2024/slot-1
cq_000116_07add2fa96,0.5855000000000001,2024,AfterBoards CUET Business Studies PYQs linked file,Business Finance,financial management,financial management,definition-based,definition-based,easy,A,0.54,0.45,Micro-concept uncertain; trust chapter/subtopic more.,false,Financial management aims at choosing the best investment and financing alternatives by focusing on their costs and benefits. Its objective is to:,Increase the shareholders' wealth,Decrease the shareholders' wealth,Increase the shareholders' capital,Decrease the shareholders' capital,https://www.afterboards.in/past-year-questions/cuet-business-studies/2024/slot-1
cq_000852_f9ce8cc1b0,0.649,2025,AfterBoards CUET Business Studies PYQs linked file,Nature and Significance of Management,types of business tests,types of business tests,match-the-following,match-the-following,medium,C,0.36,0.45,Micro-concept uncertain; trust chapter/subtopic more.,true,"Match List-I with List-II

| List-I | List-II |
| --- | --- |
| (A) Trade Tests | (I) Measure the existing skills of the individual. |
| (B) Intelligence Tests | (II) Provide indications about a person's emotions, reactions and maturity level. |
| (C) Personality Tests | (III) Measure individuals' ability to make decisions and judgments. |
| (D) Aptitude Tests | (IV) Measure individuals' potential for learning new skills. |

Choose the correct answer from the options given below:","(A) - (IV), (B) - (III), (C) - (II), (D) - (I)","(A) - (III), (B) - (I), (C) - (II), (D) - (IV)","(A) - (I), (B) - (III), (C) - (II), (D) - (IV)","(A) - (III), (B) - (IV), (C) - (II), (D) - (I)",https://www.afterboards.in/past-year-questions/cuet-business-studies/2025/slot-15
cq_000814_0d5e99952d,0.649,2025,AfterBoards CUET Business Studies PYQs linked file,Business Finance,current assets,current assets,definition-based,definition-based,easy,B,0.36,0.45,Micro-concept uncertain; trust chapter/subtopic more.,true,Which among the following is NOT the current asset?,Marketable securities,Advances received from customers,Bills receivable,Debtors,https://www.afterboards.in/past-year-questions/cuet-business-studies/2025/slot-14
cq_000571_77b7aadb29,0.649,2025,AfterBoards CUET Business Studies PYQs linked file,Marketing,Classification of Products,Classification of Products,match-the-following,match-the-following,medium,C,0.36,0.45,Micro-concept uncertain; trust chapter/subtopic more.,true,"Match List-I with List-II

| List-I | List-II |
| --- | --- |
| Categories of products | Examples |
| (A) Industrial products | (I) Rare collection of artwork and antiques. |
| (B) Convenience products | (II) Raw materials, installations, equipment. |
| (C) Speciality products | (III) Jewelry, radio, furniture. |
| (D) Shopping products | (IV) Medicines, newspapers, toothpaste. |

Choose the correct answer from the options given below:","(A) - (I), (B) - (II), (C) - (III), (D) - (IV)","(A) - (I), (B) - (IV), (C) - (II), (D) - (III)","(A) - (II), (B) - (IV), (C) - (I), (D) - (III)","(A) - (III), (B) - (IV), (C) - (I), (D) - (II)",https://www.afterboards.in/past-year-questions/cuet-business-studies/2025/slot-9
cq_000603_02090f5eb5,0.649,2025,AfterBoards CUET Business Studies PYQs linked file,Marketing,product classification,product classification,match-the-following,match-the-following,medium,C,0.36,0.45,Micro-concept uncertain; trust chapter/subtopic more.,true,"Match List-I with List-II

| List-I | List-II |
| --- | --- |
| (Types of products) | (Examples) |
| (A) Speciality products | (I) Rare collection of artwork |
| (B) Shopping Products | (II) Furniture, clothes |
| (C) Convenience products | (III) Equipments like hand tools, installations like elevators |
| (D) Capital items | (IV) Toothpaste, medicines |

Choose the correct answer from the options given below:","(A) - (I), (B) - (II), (C) - (III), (D) - (IV)","(A) - (I), (B) - (III), (C) - (II), (D) - (IV)","(A) - (I), (B) - (II), (C) - (IV), (D) - (III)","(A) - (III), (B) - (IV), (C) - (I), (D) - (II)",https://www.afterboards.in/past-year-questions/cuet-business-studies/2025/slot-10
cq_000757_c808b57243,0.649,2025,AfterBoards CUET Business Studies PYQs linked file,Financial Management,Leverage Ratios,Leverage Ratios,definition-based,definition-based,easy,A,0.36,0.45,Micro-concept uncertain; trust chapter/subtopic more.,true,The formula to compute the Interest Coverage ratio is:,$$\frac{\text{EBIT}}{\text{Interest}}$,$$\frac{\text{EBT}}{\text{Interest}}$,$$\frac{\text{Interest}}{\text{EBIT}}$,$$\frac{\text{Interest}}{\text{EBT}}$,https://www.afterboards.in/past-year-questions/cuet-business-studies/2025/slot-13
cq_000630_0f5392a103,0.649,2025,AfterBoards CUET Business Studies PYQs linked file,Business Finance,financial statements and ratios,financial statements and ratios,definition-based,definition-based,easy,B,0.36,0.45,Micro-concept uncertain; trust chapter/subtopic more.,true,What does EBIT stands for:,Equity Before Institutional Taxes,Earning Before Interest and Taxes,Earning Brings Interest and Taxes,Equity Before Interest and Taxes,https://www.afterboards.in/past-year-questions/cuet-business-studies/2025/slot-10
cq_000248_b80b0d1fe4,0.649,2025,AfterBoards CUET Business Studies PYQs linked file,Principles of Management,Techniques of Scientific Management,scientific management,definition-based,definition-based,easy,D,0.36,0.82,,false,"In functional foremanship technique, who among the following works under the planning incharge:

(A) Instruction Card Clerk

(B) Inspector

(C) Disciplinarian

(D) Time and cost Clerk

Choose the correct answer from the options given below:","(A), (B) and (D) only","(A), (B) and (C) only","(A), (B), (C) and (D)","(A), (C) and (D) only",https://www.afterboards.in/past-year-questions/cuet-business-studies/2025/slot-3
cq_001032_ae31b896a2,0.649,2025,AfterBoards CUET Business Studies PYQs linked file,Business Finance,financial ratios,financial ratios,match-the-following,match-the-following,medium,D,0.36,0.45,Micro-concept uncertain; trust chapter/subtopic more.,true,"Match List-I with List-II

| List-I | List-II |
| --- | --- |
| Concept | Equation |
| (A) Financial Leverage | (I) (Profit after tax+depreciation+interest+non cash expenses)/<br>(pref dividend+interest+repayment obligation) |
| (B) Net Working Capital | (II) Debt/Equity |
| (C) Interest Coverage Ratio | (III) Current Assets - Current Liabilities |
| (D) Debt service coverage ratio | (IV) EBIT/Interest |

Choose the correct answer from the options given below:","(A) - (I), (B) - (II), (C) - (III), (D) - (IV)","(A) - (I), (B) - (III), (C) - (II), (D) - (IV)","(A) - (I), (B) - (II), (C) - (IV), (D) - (III)","(A) - (II), (B) - (III), (C) - (IV), (D) - (I)",https://www.afterboards.in/past-year-questions/cuet-business-studies/2025/slot-19
cq_000397_88fb202928,0.649,2025,AfterBoards CUET Business Studies PYQs linked file,Marketing,Classification of products,Classification of products,match-the-following,match-the-following,medium,A,0.36,0.45,Micro-concept uncertain; trust chapter/subtopic more.,true,"Match List-I with List-II

| List-I<br>(Examples) | List-II<br>(Types of products) |
| --- | --- |
| (A) Ice cream, medicine, newspaper | (I) Industrial products |
| (B) Clothes, shoes, jewellery | (II) Shopping products |
| (C) Rare collection of artwork, antiques | (III) Specialty products |
| (D) Raw materials, machines, tools | (IV) Convenience products |

Choose the correct answer from the options given below:","(A) - (IV), (B) (II), (C) - (III), (D) - (I)","(A) - (I), (B) - (III), (C) - (II), (D) - (IV)","(A) (I), (B) - (II), (C) - (IV), (D) - (III)","(A) - (III), (B) - (IV), (C) - (I), (D) - (II)",https://www.afterboards.in/past-year-questions/cuet-business-studies/2025/slot-6
cq_000859_038aea58f1,0.649,2025,AfterBoards CUET Business Studies PYQs linked file,Business Environment,Consumer Protection and Legal Aspects,Consumer Protection and Legal Aspects,definition-based,definition-based,easy,B,0.36,0.45,Micro-concept uncertain; trust chapter/subtopic more.,true,What does Caveat Venditor imply?,Let the buyer beware,Let the seller beware,Let the producer beware,Let the distributor beware,https://www.afterboards.in/past-year-questions/cuet-business-studies/2025/slot-15
cq_001629_4cebbf2fb7,0.6479999999999999,2025,Dubuddy CUET Business Studies solved papers linked file,Marketing,marketing management philosophies,marketing management philosophies,case-study diagnosis,case-study diagnosis,medium,,0.37,0.45,Micro-concept uncertain; trust chapter/subtopic more.,false,"Q.7
""In company Ace Ltd, if the plans lay down a 2 percent increase in labor
cost as an acceptable range of deviation, only an increase in labor cost
beyond 2 percent should be brought to the notice of the management.
However, in case of major deviation from the standard (say, 5 percent), the
matter has to receive immediate action from management on a priority
basis"". Identify the concept of management highlighted in the aforesaid
statement.",,,,,https://dubuddy.in/files/pdfs/cuet-previous-year-papers/business-studies/2025/shift-22-05-2025-3_00PM-6_00PM.pdf
cq_000531_c2bf6458f9,0.6479999999999999,2025,AfterBoards CUET Business Studies PYQs linked file,Entrepreneurship Development,process,process,case-study diagnosis,case-study diagnosis,medium,B,0.37,0.45,Micro-concept uncertain; trust chapter/subtopic more.,false,"The term ""Recruitment"" in the case study implies:",A negative process,A positive process,Divisible process,Strict process,https://www.afterboards.in/past-year-questions/cuet-business-studies/2025/slot-8
cq_000327_2215a4612d,0.6479999999999999,2025,AfterBoards CUET Business Studies PYQs linked file,Nature and Significance of Management,coordination,management,case-study diagnosis,case-study diagnosis,hard,A,0.37,0.82,,false,"""She believes that she is getting her work done as well as helping the needy section of society."" Identify the concept reflected in the above statement.",Management,Charity,Coordination,Administration,https://www.afterboards.in/past-year-questions/cuet-business-studies/2025/slot-4
cq_001698_d63067e60f,0.647,2025,Dubuddy CUET Business Studies solved papers linked file,Marketing,marketing management philosophies,marketing management philosophies,feature-identification,feature-identification,hard,,0.38,0.45,Micro-concept uncertain; trust chapter/subtopic more.,false,"Q.49
Rahul is the CEO of BrightSpark Ltd., a company manufacturing LED
lighting solutions. The company recently launched a new line of smart LED
bulbs with advanced features, expecting a surge in demand. However, after
the launch, the sales were not meeting expectations, and employee morale
seemed low.
Firstly, Rahul identified that there was a lack of proper communication
between the marketing and production teams. He called a meeting to
clearly communicate the company’s goals and expectations for the new
product.
Rahul appointed Priya, a senior manager, to act as a supervisor for the
marketing team. Priya’s job was to oversee day-to-day activities, guide the
team, and resolve any conflicts. Her presence ensured that tasks were
completed on time and in alignment with the company’s objectives. She
also provided feedback and recognized the efforts of team members, which
boosted their morale.
Rahul implemented a reward system where employees exceeding their
targets would receive incentives. Additionally, training sessions were
organized to improve employees’ skills and confidence in handling the
advanced features of the new product.
Rahul implemented a reward system where employees exceeding their
targets would receive incentives. Which concept of management is
highlighted here?""",,,,,https://dubuddy.in/files/pdfs/cuet-previous-year-papers/business-studies/2025/shift-27-05-2025-3_00PM-6_00PM.pdf
cq_001120_a9f0ee9c6e,0.647,2025,AfterBoards CUET Business Studies PYQs linked file,Principles of Management,Fayol principles,unity of command,statement true/false,statement true/false,easy,C,0.38,0.82,,false,"""Adarsh tried to maintain effective managerial contact across all the levels in the organisation, making direction effective. He conveyed clear instructions to create total understanding to subordinates"". Which of the following guiding principles of directing has been highlighted in the aforesaid statement?",Principle of harmony of objectives,Principle of unity of command,Principle of managerial communication,Principle of leadership,https://www.afterboards.in/past-year-questions/cuet-business-studies/2025/slot-20
cq_001720_404e71e7cc,0.6459999999999999,2025,Dubuddy CUET Business Studies solved papers linked file,Nature and Significance of Management,functions of management,management,feature-identification,feature-identification,easy,,0.39,0.82,,false,"Q.14
Which of the following is not an element of directing function of
management?",,,,,https://dubuddy.in/files/pdfs/cuet-previous-year-papers/business-studies/2025/shift-26-05-2025-3_00PM-6_00PM.pdf
cq_001678_64f2c6b584,0.6459999999999999,2025,Dubuddy CUET Business Studies solved papers linked file,Entrepreneurship Development,need and characteristics,need and characteristics,definition-based,definition-based,easy,,0.39,0.45,Micro-concept uncertain; trust chapter/subtopic more.,false,"Q.1
Maslow's theory is based on the following assumptions:",People's behaviour is based on their needs. Satisfaction of such needs influences their behavior.,"People's needs are in hierarchical order, starting from basic needs to other higher level needs.",A satisfied need can no longer motivate a person; only the next higher level need can motivate him.,A person moves to the next higher level of the hierarchy only when the lower need is satisfied. Choose the correct answer from the options given below:,https://dubuddy.in/files/pdfs/cuet-previous-year-papers/business-studies/2025/shift-22-05-2025-3_00PM-6_00PM.pdf
cq_001128_e0b7eb4d82,0.645,2025,AfterBoards CUET Business Studies PYQs linked file,Business Finance,investment decision,financial risk,definition-based,definition-based,easy,B,0.4,0.82,,false,Which financial ratio will establish the relation between the cash profits generated by the operations and the total cash required for the service of the debentures and the preference share capital?,Interest Coverage Ratio,Debt Service Coverage Ratio,Return on Investment,Return on Equity,https://www.afterboards.in/past-year-questions/cuet-business-studies/2025/slot-20
cq_000445_0be6b077d6,0.645,2025,AfterBoards CUET Business Studies PYQs linked file,Principles of Management,Taylor scientific management,scientific management,feature-identification,feature-identification,easy,A,0.4,0.82,,false,Ethical code of conduct characteristic is related to:,Management as a profession,Management as an art,Management as Science,Management as both Science and art,https://www.afterboards.in/past-year-questions/cuet-business-studies/2025/slot-7
cq_001036_afc2b05ed8,0.644,2025,AfterBoards CUET Business Studies PYQs linked file,Business Environment,dimensions,environment,definition-based,definition-based,easy,C,0.41,0.82,,false,"""Management is the process of designing and maintaining an environment in which individuals, working together in groups, efficiently accomplish selected aims."" This definition of management was given by:",Robert L.,Kreitner,Harold Koontz and Heinz Weihrich,M. Gene Newport,https://www.afterboards.in/past-year-questions/cuet-business-studies/2025/slot-19
cq_001123_bed67c1360,0.644,2025,AfterBoards CUET Business Studies PYQs linked file,Directing,communication,leadership style,case-study diagnosis,case-study diagnosis,easy,C,0.41,0.82,,false,"""Adarsh ensured that proper motivational and leadership techniques should be used while directing the people based on subordinate needs, capabilities, attitudes and other situational variables"". Which of the following guiding principles of directing has been highlighted in the aforesaid statement?",Follow Through,Use of informal organization,Principle of appropriateness of direction technique,Principle of managerial communication,https://www.afterboards.in/past-year-questions/cuet-business-studies/2025/slot-20
cq_001728_6eaa7e0d8c,0.644,2025,Dubuddy CUET Business Studies solved papers linked file,Planning,types of plans,types of plans,match-the-following,match-the-following,medium,,0.41,0.45,Micro-concept uncertain; trust chapter/subtopic more.,false,"Q.17
Match List-I with List-II
List-I (Types of
products)
List-II (Examples)",Speciality products (I) Rare collection of artwork,"Shopping Products (II) Furniture, clothes","Convenience products (III) Equipments like hand tools, installations like elevators","Capital items (IV) Toothpaste, medicines Choose the correct answer from the options given below:",https://dubuddy.in/files/pdfs/cuet-previous-year-papers/business-studies/2025/shift-22-05-2025-3_00PM-6_00PM.pdf
