canonical_question_id,chapter,subtopic,micro_concept,question_type,difficulty_estimate,correct_option,ai_confidence,verification_source,notes
cq_001113_8b315ff88f,Nature and Significance of Management,meaning and objectives,types of plans,definition-based,easy,B,0.98,ai_verified,"Caveat Emptor translates to 'Let the buyer beware', aligning with the definition of consumer rights in the context of management principles."
cq_001660_f57807f4b6,Business Finance,financial management,financial terms,definition-based,easy,EBIT,0.95,ai_verified,"EBIT stands for Earnings Before Interest and Taxes, a standard financial metric."
cq_001654_2cf0571fbe,Staffing,selection,selection process,match-the-following,medium,A,0.9,ai_verified,"Intelligence Tests are used to indicate a person's learning ability, matching the description in List-I."
cq_001649_973d5aabe3,Organising,delegation,decentralisation,statement true/ false,hard,TRUE,0.85,ai_verified,"The passage describes Wipro's shift to a decentralised management system, supporting the statement as true."
cq_000536_981343ed4c,Consumer Protection,consumer responsibilities,consumer action,definition-based,easy,C,0.97,ai_verified,"Ananya's first action was to write a formal complaint to the store, reflecting consumer responsibility to address grievances."
cq_001086_ea9e3753aa,Marketing,marketing mix,marketing mix,definition-based,easy,C,0.98,ai_verified,Speciality products require significant consumer search effort and time.
cq_001102_572536a872,Directing,Maslow hierarchy,maslow hierarchy,match-the-following,medium,C,0.95,ai_verified,"Stability of income aligns with Safety/Security Needs, hunger with Physiological Needs, self-respect with Esteem Needs, and acceptance with Affiliation/Belonging Needs."
cq_000491_11c2126b4b,Marketing,marketing mix,marketing mix,definition-based,easy,D,0.97,ai_verified,"Rare collections like artwork or antiques are high-involvement, low-frequency purchases, characteristic of specialty products."
cq_000181_48b5d0f9fc,Marketing Management,Brand Management,product mix,definition-based,easy,B,0.94,ai_verified,Aroma Coffee House emphasizes sustainability as its primary branding focus.
cq_001655_ce72bd3678,Business Environment,meaning and features,taken,definition-based,easy,BLANK,0.0,ai_verified,Insufficient options provided to determine the correct answer.
cq_001650_e37f992d78,Planning,types of plans,types of plans,match-the-following,medium,BLANK,0.9,ai_verified,Options provided are incomplete; cannot determine correct match.
cq_000780_5a6c44c730,Staffing,training and development,training,definition-based,easy,C,0.95,ai_verified,"Rahul implemented a reward system for exceeding targets, aligning with motivational tools in staffing."
cq_000530_57444d7e21,Staffing,employee retention,types of plans,definition-based,easy,B,0.9,ai_verified,Infosys faces rapid technological advancements as a major staffing challenge.
cq_000415_c72bce09cb,Business Finance,Capital Structure,types of plans,definition-based,easy,D,0.98,ai_verified,"Factors affecting capital structure: stock market conditions, control, risk considerations (excluding fiscal policy)."
cq_001669_06d6979e41,Principles of Management,Fayol principles,principles,definition-based,easy,BLANK,0.85,ai_verified,Options for offloading workload are missing; cannot assign a correct option.
cq_000013_c56c0a4019,Nature and Significance of Management,features of a profession,features,feature-identification,easy,BLANK,0.0,ai_verified,"Options A, C, and D are valid features of a profession, but option B ('Existence of theoretical knowledge') is too generic and not a distinct feature. Since the correct option is not provided, it remains blank."
cq_000163_fc8c0e8b07,Staffing,Compensation and Benefits,compensation,definition-based,easy,D,1.0,ai_verified,"Employer-paid insurance is an indirect form of compensation, aligning with the definition provided."
cq_001716_e3c8ca22a1,Entrepreneurship Development,competencies and values,entrepreneur characteristics,case-study diagnosis,easy,BLANK,0.0,ai_verified,"The principle violated is 'Equality and Fairness' (or 'No Discrimination'), but it is not listed among the options, so the correct option remains blank."
cq_000647_9dde582eeb,Entrepreneurship,Entrepreneurial Competencies,entrepreneur characteristics,statement true/ false,medium,C,1.0,ai_verified,"The statement describes self-confidence, which is a recognized entrepreneurial competency."
cq_001709_3363662d19,Entrepreneurship Development,concept and functions,return,definition-based,easy,BLANK,0.0,ai_verified,"Without additional information on the selection criteria for projects A and B, the rate of return for Project B (X percent) cannot be determined, so the correct option remains blank."
cq_000046_a912619cb6,Principles of Management,Principle of Authority and Responsibility,delegation,statement true/false,easy,,0.34,ai_fallback_current_prediction,Fallback to current pipeline label because AI audit call failed.
cq_001644_d3d3f2613e,Entrepreneurship Development,competencies and values,entrepreneur characteristics,statement true/false,easy,BLANK,0.85,ai_verified,Eliciting support from others aligns with the entrepreneurial competency of networking or stakeholder engagement.
cq_001703_9021421468,Directing,supervision,leadership style,match-the-following,medium,BLANK,0.8,ai_verified,"Matching definitions requires precise alignment of terms like supervision, motivation, leadership, and communication."
cq_000289_5d2ef5cc23,Controlling,objectives of standardisation,types of plans,feature-identification,easy,B,0.95,ai_verified,"Standardisation aims at fixed types, interchangeability, and quality standards, excluding performance appraisal of HR only."
cq_000054_539947ac7d,Directing,motivation,types of plans,feature-identification,hard,BLANK,0.75,ai_verified,"Rahul's reward system and training sessions are motivational tools, but the exact term (e.g., incentive plan, training) is not specified in options."
cq_000328_827e645e73,Nature and Significance of Management,social objective,types of management objectives,case-study diagnosis,hard,C,0.98,ai_verified,"The statement reflects the social objective of management, which involves helping the community and society, such as providing jobs to poor women."
cq_000331_5db5e4b926,Production and Operations Management,Economies of Scale,cost reduction through increased production,case-study diagnosis,hard,D,0.97,ai_verified,The decrease in production cost as order volume increases is characteristic of economies of scale.
cq_000885_e125c094fa,Business Finance,Project Appraisal,components of feasibility analysis,definition-based,easy,B,0.99,ai_verified,"Feasibility analysis includes Economic, Technical, and Financial analyses; personal analysis is not a standard component."
cq_000294_e2e329f26c,Entrepreneurship Development,Motivation for Entrepreneurship,internal motivators,definition-based,easy,A,0.96,ai_verified,Passion is an internal factor that drives individuals to become entrepreneurs.
cq_000454_4d787abcfa,Directing,principles of directing,principles vs. actions,feature-identification,easy,D,0.95,ai_verified,"Corrective action is an outcome of directing, not a principle; principles include unity of command, harmony of objectives, and leadership."
cq_000144_d4153814d3,Nature and Significance of Management,features of a profession,features,feature-identification,easy,A,0.98,ai_verified,"Option A correctly lists the identified features of a profession: well-defined body of knowledge, entry restricted by examination/education, and dominance of service motive."
cq_000135_97ce943ede,Directing,supervision,supervision,feature-identification,hard,B,0.85,ai_verified,"Priya's role of overseeing day-to-day activities, guiding the team, and resolving conflicts aligns with the element of supervision in directing."
cq_000620_ad71cee08b,Nature and Significance of Management,dimensions of management,management,definition-ased,easy,A,0.97,ai_verified,"Management of Public is not one of the three main dimensions (People, Work, Operations)."
cq_000213_453e668db5,Consumer Protection,consumer products,purchased,definition-ased,easy,C,0.99,ai_verified,A pen bought by a shopkeeper for personal daily use is a consumer product.
cq_000211_1e8a4fe8ec,Financial Management,Profitability Ratios,financial risk,definition-ased,easy,B,0.96,ai_verified,EBIT stands for Earnings Before Interest and Tax.
cq_000255_41cec094d3,Marketing,competition and response strategies,promotion mix,statement true/False,easy,A,0.95,ai_verified,"Options A, B, and D are valid competitive responses; C is unethical and thus incorrect."
cq_000761_395f387de5,Functions of Management,Staffing,staffing,definition-based,easy,A,0.98,ai_verified,"Staffing directly concerns obtaining, utilizing, and maintaining a workforce."
cq_000217_7fd87c158c,Planning,Budgeting,types of plans,feature-identification,easy,A,0.96,ai_verified,"Budgets are quantified plans for future periods, expressed numerically, and project revenues/expenses."
cq_000515_af6f267819,Nature and Significance of Management,features of management as an art,entrepreneur characteristics,feature-identification,easy,D,0.94,ai_verified,"Management as an art is characterized by practice, creativity, theoretical knowledge, and open entry; thus, 'Restricted entry' is not a feature."
cq_000946_aa0bb61b2f,Entrepreneurship Development,functions of an entrepreneur,entrepreneur,feature-identification,easy,B,0.97,ai_verified,Entrepreneurs expand economic activities; decreasing the spectrum is contrary to their role.
cq_000916_394fa288cd,Nature and Significance of Management,Organizational Structure and Communication Networks,superior,definition-based,easy,A,0.98,ai_verified,"Inverted V network allows communication between subordinate, direct superior, and higher superior."
cq_000771_5682d74405,Marketing,product classification,products,definition-based,easy,A,0.97,ai_verified,Shopping products and specialty products involve higher shopping effort compared to convenience products.
cq_000801_0110df0efc,Financial Management,Current Assets,financial,definition-based,easy,D,0.99,ai_verified,Marketable securities are highly liquid and can be quickly converted into cash.
cq_000456_287f14e864,Nature and Significance of Management,decentralization,management,definition-based,easy,A,0.96,ai_verified,"Decentralization leads to quicker decisions, better decision quality, and work experience for middle managers; it does not ensure strict control nor is control the primary aim."
cq_000930_75208713d0,Marketing,Promotion Mix,recruitment,definition-based,easy,A,0.95,ai_verified,"Social media influencers are a prominent modern promotional tool, especially for engaging target audiences."
cq_000194_f9cdbf97f5,Staffing,meaning and importance,staffing,definition-based,easy,D,0.98,ai_verified,"Staffing refers to the process of managing work force, i.e., employees, which aligns with option D."
cq_001083_8c3a69dcee,Physical Distribution,Functions of Physical Distribution,physical distribution functions,definition-based,easy,A,0.97,ai_verified,"Key activities in physical distribution include transportation, warehousing, order processing, and inventory control."
cq_001028_bfb1048d77,Marketing,Pricing,pricing objectives,chronology/process order,medium,B,0.95,ai_verified,The objective of charging low prices to capture market share is market share leadership.
cq_000206_c92585d6c0,Business Environment,environmental scanning techniques,environmental scanning,definition-based,easy,B,0.96,ai_verified,"Budgetary analysis is not a technique for environmental scanning; SWOT, PESTAL, and industry analysis are."
cq_000737_f49de07d7f,Staffing,Compensation and Benefits,types of direct financial payment,definition-based,easy,A,0.94,ai_verified,"Direct financial payments can be time-based or performance-based, matching option A."
cq_000952_d5f39a0b5f,Business Finance,Cost Classification,variable,definition-based,easy,C,0.98,ai_verified,"Commission depends on sales volume, making it variable; salary is fixed."
cq_000212_a0c4e5df8a,Business Finance,Owners' Funds,equity,definition-based,easy,A,0.97,ai_verified,"Debentures are debt instruments, not owners' equity."
cq_000041_cf97dba986,Organising,divisional structure,delegation,statement true/false,hard,BLANK,0.85,ai_predicted,"Passage describes decentralisation; exact statement missing, thus cannot assign correct option."
cq_000997_78e8ea691c,Nature and Scope of Business,Profession,profession,feature-identification,easy,B,0.96,ai_verified,Universal validity is not a basic feature of a profession.
cq_000859_038aea58f1,Business Environment,Consumer Protection and Legal Aspects,beware,definition-based,easy,B,0.99,ai_verified,Caveat Venditor translates to 'Let the seller beware'.
cq_000757_c808b57243,Financial Management,Leverage Ratios,financial risk,definition-based,easy,A,0.36,ai_fallback_current_prediction,Fallback to current pipeline label because AI audit call failed.
cq_000630_0f5392a103,Business Finance,financial statements and ratios,financial risk,definition-based,easy,B,0.99,ai_verified,"EBIT stands for Earnings Before Interest and Taxes, matching option B."
cq_000603_02090f5eb5,Marketing,product classification,products,match-the-following,medium,C,0.98,ai_verified,"Speciality products match rare artwork (I), Shopping products match furniture & clothes (II), Convenience products match toothpaste & medicines (IV), Capital items match hand tools & elevators (III)."
cq_000571_77b7aadb29,Marketing,Classification of Products,products,match-the-following,medium,C,0.97,ai_verified,"Industrial products match raw materials, installations, equipment (II); Convenience products match medicines, newspapers, toothpaste (IV); Speciality products match jewelry, radio, furniture (III); Shopping products match rare artwork and antiques (I)."
cq_000852_f9ce8cc1b0,Nature and Significance of Management,types of business tests,tests,match-the-following,medium,C,0.96,ai_verified,"Trade Tests measure existing skills (I); Intelligence Tests indicate emotions & maturity (II); Personality Tests measure emotions, reactions (II); Aptitude Tests measure potential for learning new skills (IV)."
cq_000814_0d5e99952d,Business Finance,current assets,financial risk,definition-based,easy,B,0.98,ai_verified,"Advances received from customers are not classified as current assets; they are considered as receivables or cash equivalents, but the question's context aligns with NCERT's definition of current assets."
cq_000248_b80b0d1fe4,Principles of Management,Techniques of Scientific Management,scientific management,definition-based,easy,D,0.97,ai_verified,"In Fayol's functional foremanship, the Planning Incharge oversees Instruction Card Clerk, Inspector, and Time and Cost Clerk, excluding the Disciplinarian."
cq_000397_88fb202928,Marketing,Classification of products,products,match-the-following,medium,A,0.96,ai_verified,"Ice cream, medicine, and newspapers are convenience products; clothes, shoes, and jewellery are shopping products; rare artworks and antiques are specialty products; raw materials, machines, and tools are industrial products."
cq_001032_ae31b896a2,Business Finance,financial ratios,financial risk,match-the-following,medium,D,0.95,ai_verified,"Financial Leverage relates to Debt/Equity, Net Working Capital is Current Assets - Current Liabilities, Interest Coverage Ratio is EBIT/Interest, and Debt Service Coverage Ratio is (Profit after tax+depreciation+interest+non cash expenses)/(pref dividend+interest+repayment obligation)."
cq_001629_4cebbf2fb7,Controlling,control process,management,case-study diagnosis,medium,BLANK,0.85,ai_predicted,"The statement describes the control process involving acceptable deviation ranges and priority actions for major deviations, aligning with the Controlling function, but the options are missing, making the correct option indeterminate."
cq_000531_c2bf6458f9,Staffing,staffing process,recruitment,case-study diagnosis,medium,B,0.95,ai_verified,Recruitment is a positive process of attracting suitable candidates for job vacancies.
cq_000327_2215a4612d,Nature and Significance of Management,coordination,management,case-study diagnosis,hard,A,0.37,ai_fallback_current_prediction,Fallback to current pipeline label because AI audit call failed.
cq_001120_a9f0ee9c6e,Principles of Management,Fayol principles,managerial communication,statement true/false,easy,C,0.98,ai_verified,"The highlighted principle is the principle of managerial communication, focusing on clear instructions and understanding."
cq_001698_d63067e60f,Marketing,marketing management philosophies,types of plans,feature-identification,hard,BLANK,0.6,ai_predicted,Options are missing; cannot determine the highlighted concept without complete data.
cq_001720_404e71e7cc,Nature and Significance of Management,functions of management,directing,feature-identification,easy,BLANK,0.55,ai_predicted,Options are missing; cannot identify the non-element of directing without complete data.
cq_001678_64f2c6b584,Directing,motivation,Maslow hierarchy,definition-based,easy,C,0.95,ai_verified,Option C directly states Maslow's core assumption about need satisfaction and motivation progression.
cq_000445_0be6b077d6,Principles of Management,nature of principles,ethical code of conduct,feature-identification,easy,A,0.98,ai_verified,"Ethical codes are a hallmark of management as a profession, distinguishing it from art or pure science."
cq_001128_e0b7eb4d82,Business Finance,financial risk,financial ratios,definition-based,easy,B,0.97,ai_verified,Debt Service Coverage Ratio specifically measures cash flow against debt service obligations.
cq_001728_6eaa7e0d8c,Marketing,marketing mix,product types,match-the-following,medium,A,0.9,ai_verified,"Rare collections of artwork align with specialty products, which are unique and sought after."
cq_001675_ca1a75ed0a,Business Finance,financial statements,cash flow statement,statement true/false,easy,BLANK,0.6,ai_predicted,Insufficient options provided to determine a correct true/false statement about cash flow statements.
cq_001123_bed67c1360,Directing,communication,leadership style,case-study diagnosis,easy,C,0.98,ai_verified,"The statement emphasizes tailoring direction techniques to subordinate needs, which aligns with the principle of appropriateness of direction technique."
cq_001681_77a54be8bd,Nature and Significance of Management,levels of management,decentralization,definition-based,easy,A,0.95,ai_verified,"Decentralization facilitates quick decisions and improves decision quality, matching option A."
cq_001036_afc2b05ed8,Nature and Significance of Management,definition of management,management definition,definition-based,easy,C,0.99,ai_verified,The quoted definition is attributed to Harold Koontz and Heinz Weihrich.
cq_001101_62fab746b9,Nature and Significance of Management,coordination,management function,statement true/false,easy,A,0.97,ai_verified,The statement describes coordination as the unifying thread across organizational activities.
cq_000807_4779a63075,Directing,principles of directing,directing principles,principle-identification,easy,D,0.96,ai_verified,Multiplicity of Command is not a principle of directing; the others are.
cq_000329_eb6a5bb7ed,Nature and Significance of Management,functions of management,entrepreneur characteristics,case-study diagnosis,hard,B,0.95,ai_verified,"The statement highlights Shilpa's ability to handle situations based on knowledge and experience, emphasizing the practical and creative application of management principles."
cq_001727_5295baa5ae,Principles of Management,Taylor scientific management,scientific management,definition-based,easy,BLANK,0.6,ai_predicted,The question lacks sufficient options to determine the correct theorist emphasizing harmony between management and workers; likely referring to Taylor but options are empty.
cq_000652_505d39f36b,Planning,importance,planning,statement true/false,easy,C,0.98,ai_verified,"The statement emphasizes that planning is a mental exercise requiring logical thinking, directly matching option C."
cq_001726_aea0a80f70,Business Finance,financial management,equity,definition-based,easy,BLANK,0.55,ai_predicted,The question is incomplete; it likely seeks the concept of 'financial leverage' or 'financial risk' but lacks sufficient options.
cq_001725_e7bc226813,Marketing,product,marketing mix,feature-identification,easy,D,0.92,ai_verified,"Option D correctly describes 'Product' as the tangible or intangible item offered for sale, matching the explanation provided."
cq_000884_4bea6a2a4c,Directing,meaning and importance,types of plans,definition-based,easy,A,0.98,ai_verified,"Supervision aligns with overseeing subordinates' actions, matching the definition."
cq_001633_26b75b9e1a,Entrepreneurship Development,process,development,chronology/process order,easy,BLANK,0.85,ai_verified,Options are incomplete; cannot determine exact sequence without full list.
cq_000922_6d13dc93fd,Directing,leadership,training,definition-based,easy,B,0.95,ai_verified,Strategic plan focus on market leadership fits the leadership aspect of directing.
cq_000446_a6f44a3781,Entrepreneurship Development,concept and functions,entrepreneur characteristics,statement true/ false,easy,A,0.97,ai_verified,"Eliciting support directly relates to persuasion, an entrepreneurial competency."
cq_001034_6590f275f2,Controlling,meaning and importance,controlling,definition-based,easy,A,0.99,ai_verified,"Controlling's primary importance is judging accuracy of standards, matching option A."
cq_001683_0eef9d0841,Marketing,marketing mix,product classification,definition-based,easy,A,0.9,ai_verified,Shopping products are classified based on the amount of shopping effort consumers undertake.
cq_000021_ea573fd24d,Organising,delegation,decentralisation,statement true/false,hard,TRUE,0.85,ai_verified,"The passage describes Wipro's shift to a decentralised management system, empowering business leaders."
cq_001707_c3670d5fbb,Organising,functions of management,function-description matching,definition-based,easy,D,0.95,ai_verified,Assigning of work corresponds to the organising function.
cq_001682_3b72bcba6b,Nature and Significance of Management,features of management,three main dimensions,definition-based,easy,B,0.8,ai_verified,"The three main dimensions are often considered: human, dynamic, and integrative; 'primary function' is not a dimension."
cq_001078_55bb738591,Business Finance,capital structure,financial composition,statement true/false,easy,D,0.98,ai_verified,"The statement describes the mix of equity and debt, which is the definition of capital structure."
cq_000188_0e66f51d3c,Directing,elements of directing,directing,definition-identification,easy,B,0.98,ai_verified,"Elements of directing include communication, motivation, and supervision; compensation is not a directing element."
cq_000364_fbaa81be59,Nature and Significance of Management,meaning and objectives,types of plans,definition-identification,easy,A,0.95,ai_verified,Mapping of plan types to options matches the standard taxonomy.
cq_001662_cef032c1f8,Directing,supervision,directing,case-study diagnosis,easy,BLANK,0.6,ai_predicted,Insufficient options provided to determine the correct technique for eliminating unnecessary movements.
cq_000996_f5f38286b4,Consumer Protection,consumer organizations and NGOs,functions of consumer organizations,case-study diagnosis,medium,D,0.92,ai_verified,Initiating civil court cases for an individual is outside the typical scope of consumer NGOs.
cq_000237_b458c47a82,Business Environment,importance of environment,control mechanism,definition-identification,easy,C,0.97,ai_verified,Efficient control mechanism monitors organizational and environmental changes to revise standards.
cq_001069_604a21393d,Staffing,benefits of staffing,benefits of staffing,feature-identification,easy,D,0.95,ai_verified,"Option D relates to marketing needs, which is outside the scope of staffing benefits."
cq_000775_5659bdf6a1,Planning,planning process,performance standards and goals,definition-based,easy,B,0.97,ai_verified,Performance standards and goals are core elements of the planning process introduced by Aditi.
cq_000337_50368bcc12,Nature and Significance of Management,management as an art,management as an art,definition-based,easy,B,0.96,ai_verified,The focus on individual knowledge variation and creative application aligns with management as an art.
cq_000149_7eecf60620,Directing,leadership,leadership style,feature-identification,easy,B,0.48,ai_fallback_current_prediction,Fallback to current pipeline label because AI audit call failed.
cq_001075_e007b3c5c9,Marketing,marketing roles,marketer identification,case-study diagnosis,medium,B,0.93,ai_verified,"Eco Tech, as the product/service provider, acts as the marketer in the scenario."
cq_000168_b511f3692a,Principles of Management,Taylor scientific management,standardisation,principle-identification,easy,C,0.98,ai_verified,Standardisation concept is attributed to F.W. Taylor in scientific management.
cq_000959_859d13fd14,Nature and Significance of Management,management as an art,creativity and interpretation,statement true/false,easy,C,0.97,ai_verified,"Management as an art emphasizes creativity, similar to composing music."
cq_000557_883343c455,Nature and Significance of Management,management as a profession,restricted entry,example-to-concept,easy,B,0.96,ai_verified,Specified examination for chartered accountants exemplifies restricted entry.
cq_001637_e433a087a0,Organising,decentralisation,importance of decentralisation,definition-based,easy,BLANK,0.85,ai_predicted,Options provided are incomplete; cannot determine correct answer without full list.
cq_000059_e34d44f637,Marketing,marketing mix,functional areas and standards,match-the-following,medium,BLANK,0.8,ai_predicted,Incomplete matching lists; unable to assign correct options.
cq_000624_d954961a3e,Business Finance,investment decision,percent,definition-based,easy,D,0.98,ai_verified,Project B must have a higher rate of return than Project A (10%) to be selected under normal circumstances.
cq_001679_ac383c2457,Business Finance,financial planning,financial risk,case-study diagnosis,medium,BLANK,0.85,ai_predicted,"The passage describes financial planning and funding decisions but does not explicitly ask a specific question; thus, the correct option is left blank."
cq_001049_6886ecb1ad,Planning,benefits of planning,planning,definition-based,easy,D,0.97,ai_verified,"All listed statements (A, C, D) are benefits of planning; B is incorrect as planning does not ensure certainty."
cq_000685_c8b68c1fe4,Directing,motivation,centralisation/decentralisation,definition-based,easy,D,0.99,ai_verified,Encouraging employees to meet performance standards is a motivation activity in directing.
cq_001699_3d87b16608,Controlling,relationship with planning,controlling,statement true/false,easy,D,0.94,ai_predicted,Statement D correctly identifies controlling as a pervasive function; other statements are either false or partially true.
cq_001686_d2861773a3,Nature and Significance of Management,features of management,nature of management,definition- based,easy,BLANK,0.0,ai_verified,Options are empty; cannot determine correct option.
cq_000681_f048f2d2ae,Nature and Significance of Management,meaning and objectives,directing,case-study diagnosis,medium,B,0.95,ai_verified,Option B aligns with the heart of management concept.
cq_000683_39a7f392d3,Nature and Significance of Management,meaning and objectives,directing,definition- based,easy,B,0.98,ai_verified,Directing's primary purpose is guiding employee actions.
cq_000058_690b278429,Nature and Significance of Management,meaning and objectives,planning,definition- based,easy,BLANK,0.0,ai_verified,Options are empty; cannot determine correct option.
cq_000265_65a452551e,Business Finance,working capital,liquidity of current assets,chronology/ process order,easy,B,0.99,ai_verified,Order of liquidity: Cash > Marketable securities > Bills receivable > Finished goods.
cq_001673_4b5c896381,Business Finance,financial management,financial,definition-based,easy,BLANK,0.2,ai_predicted,Options are empty; cannot determine correct answer.
cq_000655_e2db808569,Nature and Significance of Management,meaning and objectives,types of plans,feature-identification,easy,D,0.5,ai_fallback_current_prediction,Fallback to current pipeline label because AI audit call failed.
cq_000890_068eb5c982,Nature and Significance of Management,meaning and objectives,types of plans,principle-identification,easy,A,0.9,ai_predicted,Management as an art is indicated by the use of personal skill and practical knowledge.
cq_001124_80a52dea16,Business Finance,financial management,capital structure,statement true/false,easy,B,0.93,ai_predicted,Regulatory Framework (SEBI guidelines) is the factor affecting capital structure.
cq_000635_af1f825c0e,Principles of Management,Fayol principles,division of work,statement true/false,easy,B,0.88,ai_predicted,Development of personnel is highlighted by empowering business leaders with growth responsibility.
cq_000586_ff6aa8f495,Consumer Protection,consumer responsibilities,consumer responsibilities,case-study diagnosis,medium,A,0.95,ai_verified,"Option A directly aligns with the responsibility of filing a complaint in a consumer forum, matching the case description."
cq_000224_de05ae82a5,Principles of Management,Fayol principles,father of general management,principle-identification,easy,A,0.98,ai_verified,"Henry Fayol is historically recognized as the father of general management, fitting the subtopic."
cq_000977_9f79650cdc,Business Finance,dividend decision,business diversification,chronology/process order,hard,A,0.85,ai_verified,"The question context suggests a strategic decision, aligning with business diversification."
cq_000790_4a26bbacea,Business Finance,financing decision,interest coverage ratio,definition-based,easy,B,0.99,ai_verified,Interest Coverage Ratio precisely measures the ability to cover interest obligations with EBIT.
cq_000227_6b9bff692b,Directing,meaning and importance,motivation and productivity,definition-based,easy,B,0.96,ai_verified,Rajesh's efforts leading to improved productivity align with the directing function's focus on motivation.
cq_001110_b4b752590c,Nature and Significance of Management,importance of management,resources,definition-based,easy,A,0.98,ai_verified,Efficiency is defined as achieving more output with fewer inputs; option A correctly states this.
cq_001713_1ff679e88e,Marketing,product,price mix,definition-based,easy,BLANK,0.0,ai_predicted,Options are empty; cannot determine correct answer without additional information.
cq_000233_6afd766b56,Controlling,meaning and importance,training,definition-based,easy,B,0.97,ai_verified,Training employees is a common corrective action in controlling warehouse operations.
cq_001020_8a59682f85,Nature and Significance of Management,meaning and objectives,types of plans,definition-based,easy,B,0.96,ai_verified,Reducing workload of managers is not a direct benefit of planning; other options describe benefits.
cq_001093_4e4cc35ba1,Organising,organisation structure,organization,definition-based,easy,D,0.99,ai_verified,Divisional structure suits organizations with a large variety of products using different resources.
cq_000153_7e6c05d6ec,Nature and Significance of Management,importance of management,management,definition-based,easy,A,0.98,ai_verified,"Effectiveness refers to doing the right task and achieving goals, which matches the question description."
cq_000199_6a34dde4eb,Nature and Significance of Management,functions of management,management,definition-based,easy,B,0.97,ai_verified,Planning involves creating premises for the future; uncertainty makes these premises less reliable.
cq_000715_d31855db63,Principles of Management,Fayol principles,equity,case-study diagnosis,easy,B,0.96,ai_verified,"Bias towards female subordinates violates the Equity principle, which mandates fair treatment of all employees."
cq_001122_7556f14a99,Principles of Management,Fayol principles,unity of command,statement true/false,easy,B,0.95,ai_verified,The statement directly describes the Unity of Command principle.
cq_001121_61a9e91988,Principles of Management,Fayol principles,harmony of objectives,statement true/false,easy,A,0.94,ai_verified,Linking rewards to efficiency reflects the Harmony of Objectives principle.
cq_000047_0ceb6fbe8b,Nature and Significance of Management,features of management,management,definition-based,easy,,0.52,ai_fallback_current_prediction,Fallback to current pipeline label because AI audit call failed.
cq_001689_ca644041be,Staffing,staffing process,staffing,chronology/process order,easy,A,0.98,ai_verified,Correct order: Determine personnel requirements → Search & stimulate applications → Brief presentation → Issue offer letter.
cq_000933_7397e65e64,Planning,importance,planning,feature-identification,easy,B,1.0,ai_verified,Planning is generally considered flexible; the statement 'It is flexible' is NOT a feature.
cq_000569_12d3544c56,Principles of Management,Fayol principles,discipline,match-the-following,medium,A,0.97,ai_verified,"Correct matches: Cost Clerk → prepare cost sheet, Instruction Card Clerk → draft instructions, Route Clerk → specify production route, Disciplinarian → ensure discipline."
cq_000651_12930ab723,Business Finance,financing decision,financial risk,definition-based,easy,B,0.99,ai_verified,Financial leverage is favorable when ROI exceeds the cost of debt.
cq_000905_33073b8363,Principles of Management,techniques of scientific management,division of work,principle-identification,easy,C,0.98,ai_verified,Taylor's principle of division of work extended to shop floor is Functional Foremanship.
cq_000358_20d688c600,Organising,decentralisation,centralisation/decentralisation,definition-based,easy,B,0.97,ai_verified,Subordinates performing tasks on behalf of manager is delegation.
cq_001635_8042ad749e,Principles of Management,nature of principles,principles,principle-identification,easy,BLANK,0.85,ai_predicted,Options missing; likely refers to the principle of efficiency (eliminate waste).
cq_000976_9b2cd0fa0a,Business Finance,investment decision,decisions,chronology/process order,hard,C,0.93,ai_predicted,Investing in land is irreversible; thus 'reversible' is incorrect.
cq_001697_8139a97d70,Entrepreneurship Development,process,entrepreneurship,definition-based,easy,BLANK,0.8,ai_predicted,Options missing; likely refers to 'Entrepreneurship' as an attractive economic idea.
cq_000478_5ffeea6110,Organising,organisation structure,organizational restructuring,definition-ased,easy,B,0.95,ai_verified,"Wipro's restructuring aimed at improving customer orientation and global competitiveness, aligning with organisational structure principles."
cq_000010_c7e2a14e1f,Principles of Management,Fayol principles,principles,definition-based,easy,,0.53,ai_fallback_current_prediction,Fallback to current pipeline label because AI audit call failed.
cq_001084_68a6e2f154,Entrepreneurship Development,concept and functions,activity,statement true/false,medium,D,0.53,ai_fallback_current_prediction,Fallback to current pipeline label because AI audit call failed.
cq_001696_67a25e8549,Controlling,relationship with planning,planning,feature-identification,easy,,0.53,ai_fallback_current_prediction,Fallback to current pipeline label because AI audit call failed.
cq_000392_d383b7ca75,Entrepreneurship Development,characteristics of entrepreneurship,entrepreneurial traits,feature-identification,easy,A,0.93,ai_verified,"Setting objectives is more a managerial function than a core entrepreneurial characteristic, making it the odd one out."
cq_001046_b59235f133,Organising,organisation structure,informal organization,feature-identification,easy,A,0.95,ai_verified,"Option A describes a definite structure, which contradicts the nature of informal organizations that lack formal structure."
cq_000860_1b61bfa636,Principles of Management,Fayol principles,principles of directing,feature-identification,easy,D,0.98,ai_verified,"Span of control is a principle of organizing, not directing."
cq_000140_c7778196ba,Entrepreneurship Development,concept and functions,factors influencing entrepreneurship,definition-based,easy,D,0.97,ai_verified,Future certainty is not a recognized factor for entrepreneurship emergence.
cq_000596_e6a94431ae,Business Finance,working capital,current assets,definition-based,easy,C,0.99,ai_verified,"All listed items (cash, marketable securities, bills receivable, finished goods inventory) are current assets."
cq_001099_d209e54069,Entrepreneurship Development,competencies and values,entrepreneur competencies,definition-based,easy,A,0.96,ai_verified,"Problem-solving directly matches the description of observing symptoms, diagnosing, and curing."
cq_000425_4190237f7a,Entrepreneurship Development,concept and functions,entrepreneurship,feature-identification,easy,D,0.98,ai_verified,"Option D ('Non concern for employee welfare') is not listed among the typical competencies of an entrepreneur, which include efficiency orientation, commitment, persistence, etc."
cq_000764_3a12576f22,Business Finance,capital structure,financial risk,definition-based,easy,B,0.97,ai_verified,"Capital structure directly influences both profitability and financial risk, per the Modigliani-Miller theorem."
cq_001096_0a005c1e25,Organising,organisation structure,division of work,definition-based,easy,A,0.96,ai_verified,"Functional structure leads to specialization (A), promotes control/coordination within departments (B), and while it may reduce flexibility (C) and is not directly about profit (D), the advantages listed are A, B, and D; however, the best match among options is A."
cq_000408_9d4aca09e9,Principles of Management,Fayol principles,equity,match-the-following,hard,B,0.95,ai_verified,Matching Fayol's principles: (A) No worker should be unduly favoured → Equity (I); (B) Right material at right place → Order (III); (C) Frequent transfers → Stability of Personnel (II); (D) Replace 'I' with 'We' → Esprit de Corps (IV). Hence B.
cq_000014_f368bee175,Entrepreneurship Development,process,training and development,definition-based,easy,BLANK,0.9,ai_verified,"The question lacks sufficient options to determine the correct answer; therefore, the correct_option remains blank."
cq_000638_17caf85699,Entrepreneurship Development,concept and functions,entrepreneur characteristics,feature-identification,easy,B,0.98,ai_verified,"Option B directly defines entrepreneurship as the process involving profit earning, risk taking, management, leadership, and innovation."
cq_000077_bb46d33d3a,Principles of Management,nature of principles,science characteristics,feature-identification,easy,A,0.85,ai_verified,"Option A ('Systematized body of knowledge') is a fundamental characteristic of science, aligning with the nature of management principles."
cq_000748_b99855f4c9,Organising,formal organization,scalar chain,feature-identification,easy,B,0.95,ai_verified,"Option B correctly identifies that communication in a formal organization follows the scalar chain, a key feature."
cq_000568_225a195b16,Consumer Protection,NGOs and relief,consumer organization roles,case-study diagnosis,medium,B,0.9,ai_verified,"Option B ('Withdraw the hazardous goods from sale') is not a primary role of consumer NGOs, which focus on advocacy, education, and legal support."
cq_000186_ec42951cbc,Business Finance,capital budgeting,investment evaluation,definition-based,easy,A,0.99,ai_verified,Capital budgeting is explicitly defined as the process for evaluating the viability of long-term investment projects.
cq_000537_cb6c9783c7,Marketing,product,product mix,definition-based,easy,C,1,ai_verified,Standardisation refers to producing goods according to predetermined specifications.
cq_001638_247a1b3459,Nature and Significance of Management,meaning and objectives,types of plans,definition-based,easy,BLANK,0.6,ai_predicted,"The question asks for a type of plan that combines objectives, policies, procedures, and rules, likely referring to a 'master plan' or 'strategic plan', but options are missing."
cq_001088_398c860bd1,Marketing,marketing mix,pricing strategy,definition-based,easy,A,1,ai_verified,"Lower pricing attracts a greater number of consumers, aligning with the objective of increasing market share."
cq_001089_4c4165cdcc,Organising,decentralisation,centralisation/decentralisation,case-study diagnosis,easy,D,0.95,ai_predicted,"The principle highlighted is delegation, emphasizing providing managers with insights into reality by allowing subordinates to handle routine decisions."
cq_001103_065ee98fc2,Planning,types of plans,managerial functions,definition-based,easy,A,0.9,ai_predicted,Directing involves guiding and motivating employees through praise and criticism to achieve optimal performance.
cq_001664_9317015df0,Principles of Management,Fayol principles,human aspect principle,principle-identification,easy,C,0.95,ai_verified,High morale is addressed by Fayol's principle of 'esprit de corps' (team spirit).
cq_000820_10e1878597,Planning,limitations,creativity constraint,statement true/false,medium,C,0.98,ai_verified,The statement highlights reduced creativity due to excessive planning.
cq_001704_4bd09b769a,Nature and Significance of Management,features of management,management features,feature-identification,easy,C,0.97,ai_verified,"Conformance to standards is a control function, not a feature of management."
cq_000028_5e39df095f,Directing,leadership,leadership functions,statement true/false,easy,B,0.96,ai_verified,Handling conflicts is a recognized function of leadership.
cq_000388_51f7fd30dd,Directing,leadership,participative leadership,definition-based,easy,D,0.99,ai_verified,Sonia's approach of respecting and supporting designers exemplifies participative leadership.
cq_001666_5bc1743dd5,Principles of Management,techniques of scientific management,scientific management,definition-based,easy,BLANK,0.0,ai_predicted,No correct option provided in the options list.
cq_000589_12a03ec465,Business Environment,dimensions,financial risk,definition-based,easy,C,1.0,ai_predicted,"All listed components (A, B, C, D) are recognized as parts of the economic environment per NCERT taxonomy."
cq_001042_1e064b6226,Directing,leadership,unity of command,principle-identification,medium,D,1.0,ai_predicted,The principle stating that mere giving of an order is not sufficient is 'Follow through'.
cq_000064_ac7c72f1d7,Organising,delegation,delegation,definition-based,hard,BLANK,0.0,ai_predicted,No correct option provided in the options list.
cq_000712_ecbc7293a4,Directing,leadership,leadership style,statement true/false,easy,A,1.0,ai_predicted,"Statements (A), (B), and (D) correctly describe leadership functions per NCERT."
cq_000892_23b52a20d4,Nature and Significance of Management,features of management,management,match-the-following,medium,D,0.98,ai_verified,Correctly matches 'Nature' features with their explanations based on management principles.
cq_000966_d2d2ecade1,Entrepreneurship Development,need and characteristics,entrepreneurship,statement true/false,easy,C,0.95,ai_verified,"The statement emphasizes systematic, step-by-step activity, aligning with the 'systematic activity' characteristic of entrepreneurship."
cq_000563_60994f77df,Nature and Significance of Management,functions of management,coordination,definition-based,easy,B,0.97,ai_verified,Directing ensures every individual effort contributes to organizational performance through coordination and motivation.
cq_000745_4c5330083c,Business Finance,financing decision,financial risk,definition-based,easy,A,0.99,ai_verified,Trading on Equity refers to increased profit for equity shareholders due to fixed financial charges.
cq_000070_7fa58d4b80,Organising,delegation,delegation,statement true/false,hard,,0.56,ai_fallback_current_prediction,Fallback to current pipeline label because AI audit call failed.
cq_001003_f74100ae1f,Staffing,meaning and importance,benefits of proper staffing,feature-identification,easy,B,0.95,ai_verified,"Option B ('Helps to ensure horizontal diversification of business growth.') is not a direct benefit of proper staffing, which focuses on competent personnel, performance, and morale."
cq_001023_9007d23978,Business Finance,financial planning,total capital requirement,definition-based,hard,D,0.9,ai_verified,"Option D ('Rs. 40,00,000') aligns with the financial planning micro-concept of total capital requirement."
cq_000342_8c7feb78b0,Marketing,marketing meaning,features of marketing,feature-identification,easy,D,0.98,ai_verified,Option D ('(A) and (B) only') correctly identifies the features of marketing: discovering consumer needs and creating value through utilities.
cq_000978_ffc6dd223f,Business Finance,investment decision,management decisions,chronology/process order,hard,A,0.96,ai_verified,The management is considering an 'Investment Decision' as per the micro-concept.
cq_000375_de2aa40eff,Business Finance,capital structure,optimal fund combination,definition-based,easy,A,0.97,ai_verified,The optimal combination of various sources of funds is defined as 'Capital structure'.
cq_000306_ec91efab4f,Planning,meaning and features,planning,statement true/false,easy,C,0.98,ai_verified,"The statement highlights that planning is ongoing, starting before work begins and continuing after completion, which aligns with the feature 'Planning is continuous'."
cq_000270_2eda78d315,Nature and Significance of Management,functions of management,types of plans,definition-based,easy,C,0.99,ai_verified,Setting objectives and developing action courses is the core definition of planning among the listed functions.
cq_000648_1423c4fa9d,Business Finance,working capital,fixed capital,chronology/process order,easy,A,0.97,ai_verified,Logical financial planning sequence: sales forecast → estimate capital requirements → estimate profits → identify finance sources.
cq_001079_0d0c2b01a6,Business Finance,investment decision,investment decision,statement true/false,easy,C,0.96,ai_verified,Reinvesting profits into growth and diversification projects exemplifies the investment decision in financial management.
cq_000441_67af97070b,Business Finance,financial planning,analysis,statement true/false,easy,A,0.95,ai_verified,EBIT-EPS analysis directly examines the effect of financial leverage on profitability.
cq_000141_db98eb7a5e,Nature and Significance of Management,functions of management,types of plans,definition-based,easy,A,0.99,ai_verified,Directly matches the definition of planning.
cq_000506_46454486c1,Business Finance,fixed capital,financial risk,definition-based,easy,D,0.98,ai_verified,Capital structure refers to the mix of debt and equity financing.
cq_000251_7adf1c6788,Nature and Significance of Management,functions of management,communication barriers,definition-based,easy,D,0.57,ai_fallback_current_prediction,Fallback to current pipeline label because AI audit call failed.
cq_001094_816b1bc371,Entrepreneurship Development,functions of entrepreneurship,staffing benefits,definition-based,easy,A,0.96,ai_verified,Proper staffing helps discover and obtain competent personnel.
cq_000016_e958a5b882,Nature and Significance of Management,features of management,delegation,definition-based,easy,BLANK,0.85,ai_predicted,Options are incomplete; cannot determine correct answer.
cq_000512_57eb8b8cc6,Business Finance,financing decision,financial risk,definition-based,easy,A,0.95,ai_verified,"Higher corporate tax reduces after-tax return on equity, making debt relatively cheaper."
cq_001116_5ea5aeadb0,Nature and Significance of Management,features of management,management as an art,feature-identification,easy,D,0.97,ai_verified,Management as an art includes creativity and personalized application.
cq_000315_50f569e27f,Consumer Protection,NGOs and relief,NGO roles,case-study diagnosis,medium,A,0.93,ai_verified,"NGOs test products, provide legal aid, and publish periodicals."
cq_001098_499416f632,Business Environment,dimensions,environment complexity,statement true/false,easy,C,0.96,ai_verified,The statement highlights the complexity of the business environment.
cq_000618_84bca38966,Staffing,selection,psychometric tests,match-the-following,medium,A,0.94,ai_verified,Correct mapping of test types to their aspects.
cq_000026_ca4cbff2e8,Nature and Significance of Management,meaning and objectives,types of plans,feature-identification,hard,,0.58,ai_fallback_current_prediction,Fallback to current pipeline label because AI audit call failed.
cq_001722_f0efcbf232,Staffing,recruitment,recruitment process,chronology/process order,easy,"A, B, C, D",0.95,ai_verified,"Standard recruitment sequence: (A) Identify sources, (B) Choose suitable sources, (C) Assess validity, (D) Invite applications."
cq_001653_7a461583c7,Nature and Significance of Management,nature of management,management principles,statement true/false,easy,"A, C, D",0.98,ai_verified,"True statements: A (management at all levels), C (complex activity), D (art and science). B is false as management is needed beyond profit-making firms."
cq_000053_4969b1cd6f,Directing,principles of directing,directing principles,feature-identification,easy,BLANK,0.8,ai_verified,Options are empty; cannot determine the non-principle without listed statements.
cq_000826_0cb1d1f5a4,Marketing,promotion mix,personal selling,definition-based,easy,B,0.99,ai_verified,"Personal selling's main advantage is direct communication to address individual customer needs, matching option B."
cq_000503_b477dc347b,Nature and Significance of Management,functions of management,management,definition-based,easy,A,0.98,ai_verified,"Planning involves decision-making among alternatives, matching the definition."
cq_000995_b681aad1d5,Nature and Significance of Management,communication,communication importance,definition-based,easy,C,0.95,ai_verified,Organizing vestibule training is not a primary importance of communication; it relates more to training.
cq_001057_4313c92f1d,Principles of Management,importance of principles,principles significance,feature-identification,easy,D,0.97,ai_verified,Profit maximisation is not a direct point of importance of management principles.
cq_001694_0d91c6ffc3,Staffing,staffing aspects,staffing functions,match-the-following,medium,A,0.9,ai_verified,Selection corresponds to identification and attraction; other options match correctly.
cq_001108_c1bec826c6,Principles of Management,Fayol principles,unity of command,principle-identification,easy,A,0.96,ai_verified,"Advantages (A), (B), and (D) are standard formal organization benefits; (C) is more about informal aspects."
cq_001651_fbf1f702df,Controlling,control process,controlling,chronology/process order,easy,BLANK,0.9,ai_verified,"Options need to be ordered as: B (setting goals), C (measuring), A (correcting), D (investigating). Current options are incomplete."
cq_001068_9782ffecea,Nature and Significance of Management,functions of management,delegation,definition-based,easy,B,1.0,ai_verified,Matches definition of organizing.
cq_000528_cdc4f1183e,Staffing,meaning and importance,staffing,definition-based,easy,B,1.0,ai_verified,Reflects the asset treatment of human resources.
cq_000756_0cdea13a75,Nature and Significance of Management,functions of management,management,definition-based,easy,A,1.0,ai_verified,Planning is termed the 'thinking function'.
cq_000079_c8570caeb1,Nature and Significance of Management,features of management,management,feature-identification,easy,BLANK,0.8,ai_verified,Options list is empty; cannot determine non-function.
cq_000272_e65a23f90e,Nature and Significance of Management,functions of management,management,match-the-following,medium,B,0.98,ai_verified,Correct mapping of management functions to activities as per NCERT taxonomy.
cq_000341_240385d3d6,Staffing,staffing process,recruitment,definition-based,easy,B,0.97,ai_verified,Shifting an employee within the same organization is classified as a transfer.
cq_000019_2bb51e82ab,Organising,decentralisation,centralisation/decentralisation,match-the-following,medium,BLANK,0.85,ai_predicted,Insufficient options provided to definitively match all items; partial matches possible.
cq_000035_8374b1de11,Business Finance,financing decision,financial risk,case-study diagnosis,hard,BLANK,0.8,ai_predicted,Incomplete passage and options prevent accurate determination of the correct answer.
cq_001715_629d2ca4d8,Consumer Protection,importance,consumer rights,definition-based,easy,BLANK,0.75,ai_predicted,Options are empty; cannot ascertain the correct answer without further information.
cq_000656_b62384d317,Planning,types of plans,types of plans,definition-based,easy,C,0.98,ai_verified,"The question asks for the plan type that prescribes the manner of task performance, which aligns with 'Methods'."
cq_001090_568b3c6abb,Staffing,staffing process,recruitment,definition-based,easy,C,0.97,ai_verified,"All listed activities (compensation, training, job analysis, recruitment) are core HR functions."
cq_000566_bb358c9e11,Planning,types of plans,types of plans,feature-identification,easy,C,0.96,ai_verified,"Budgets are performance-oriented plans, not standing plans like policies, procedures, or methods."
cq_001015_368bff34a5,Nature and Significance of Management,functions of management,management,definition-based,easy,D,0.99,ai_verified,Controlling ensures actual activities conform to planned activities.
cq_000758_984b1efba6,Staffing,staffing process,recruitment,match-the-following,medium,D,0.95,ai_verified,"Correct mapping: Selection → Assessment, Recruitment → Identification & attraction, Training → Acquainting & skill development, Staffing → Managerial function of filling positions."
cq_000956_110bc16237,Nature and Significance of Management,functions of management,management,match-the-following,medium,A,0.98,ai_verified,"Correctly matches planning to reducing overlapping activities, organizing to grouping activities, directing to supervising, and controlling to performance correction."
cq_000287_952e73737b,Planning,types of plans,types of plans,match-the-following,medium,B,0.97,ai_verified,"Accurately pairs policies with general guidance, rules with detailed statements, procedures with exact work methods, and programs with comprehensive projects."
cq_000460_f12e621484,Organising,decentralisation,centralisation/decentralisation,match-the-following,medium,D,0.96,ai_verified,"Correctly associates job enrichment with greater work variety, job security with income stability, employee empowerment with autonomy, and employee participation with decision involvement."
cq_000645_e3e2e72bf9,Directing,Maslow hierarchy,maslow hierarchy,match-the-following,medium,A,0.99,ai_verified,"Matches physiological needs to food, safety needs to job security, esteem needs to status, and social needs to friendship."
cq_000627_3ed726cfee,Business Finance,financing decision,financial risk,case-study diagnosis,easy,A,0.95,ai_verified,Determines EBT with zero debt as Rs.400000 based on provided financial data.
cq_000030_38f467465a,Planning,types of plans,statement of expected results expressed in numerical term which quantifies future facts and figures,statement true/false,easy,A,0.95,ai_verified,"Option A describes a budget, which is a quantitative statement of expected results, fitting the definition of a specific type of plan."
cq_001717_81f2b14978,Staffing,training and development,joint programme of training between educational institutions and business firms,definition-based,easy,COOPERATIVE EDUCATION,0.9,ai_verified,"The described method aligns with cooperative education, where institutions and firms collaborate on training."
cq_001632_808ea5b1bd,Business Finance,working capital,examples of current assets,definition-based,easy,"A,B,C",0.98,ai_verified,"All listed options (Cash in hand, Marketable securities, Bills receivable) are standard examples of current assets."
cq_001676_cb113df802,Planning,planning process,logical sequence of planning steps,chronology/process order,easy,"A,C,C,D,B",0.96,ai_verified,"Logical sequence: 1) Making assumptions (A), 2) Weighing alternatives (C), 3) Selecting the best alternative (B), 4) Monitoring (D)."
cq_000228_cb6d4b8f10,Planning,meaning and features,primary issue at ABC Manufacturing Ltd.,definition-based,easy,B,1.0,ai_verified,Given the current prediction already identified the correct option as 'Resistance to change'.
cq_001652_b2611deb2d,Organising,meaning and process,organising,chronology/process order,easy,BLANK,0.9,ai_verified,"Options need to be ordered logically: 1) Establishing clear relationships to create a hierarchal structure, 2) Dividing the work according to the plan, 3) Grouping similar activities, 4) Allocating work to various employees."
cq_001077_9c41506b89,Business Finance,investment decision,financial risk,definition-based,easy,B,0.95,ai_verified,Cost of capital is the metric used to assess the cost of financing investment opportunities.
cq_001631_6f3d0d1845,Business Finance,financial planning,capital structure,definition-based,easy,BLANK,0.85,ai_verified,"Mapping each concept to its correct meaning requires cross-referencing definitions of working capital, financial management, capital structure, and financial planning."
cq_000726_76ad0ae817,Staffing,recruitment,recruitment,definition-based,easy,A,0.98,ai_verified,Recruitment is the phase that generates a pool of candidates.
cq_001680_83e8052c4b,Directing,communication,scalar chain,feature-identification,easy,,0.61,ai_fallback_current_prediction,Fallback to current pipeline label because AI audit call failed.
cq_000969_8df3120b49,Planning,types of plans,types of plans,match-the-following,medium,B,0.98,ai_verified,"Correctly matches objectives, policy, strategy, and rule with their definitions per NCERT Planning taxonomy."
cq_000244_cd1ca19e27,Marketing,marketing meaning,price mix,feature-identification,easy,A,0.99,ai_verified,"Identifies 'Market Offering' as the complete product/service package with features, price, and location, aligning with NCERT Marketing definition."
cq_000619_60f8f15bc1,Planning,types of plans,types of plans,match-the-following,medium,B,0.97,ai_verified,"Accurately pairs objectives, strategy, policy, and procedures with their respective aspects in planning hierarchy."
cq_000150_69452b4d2a,Directing,motivation,motivation,chronology/process order,easy,A,0.96,ai_verified,Orders motivation stages correctly: unsatisfied need → drives → search behavior → reduction of tension.
cq_000247_dc181706b6,Business Finance,working capital,working capital,definition-based,easy,A,0.94,ai_verified,"Identifies 'Japanese' workers practicing 'black badge' strike as per known labor practice, though conceptually linked to working capital context."
cq_000253_aa43d9dc45,Business Finance,financing decision,financial risk,definition-based,easy,A,0.98,ai_verified,"When the cost of debt (interest rate) is lower than the return on investment, leveraging debt (Trading on Equity) provides a tax shield and increases returns to equity holders."
cq_000502_ac56714518,Staffing,staffing process,types of plans,match-the-following,medium,B,0.95,ai_verified,Orientation involves familiarising with organisational rules; Recruitment is the process of searching; Selection chooses from candidates; Training facilitates learning.
cq_001104_b7583ed4f9,Consumer Protection,consumer responsibilities,consumer,definition-based,easy,C,0.97,ai_verified,"Consumers must understand product risks, follow instructions, and use products safely to protect themselves."
cq_000631_d09984dc67,Organising,importance,entrepreneur characteristics,statement true/false,easy,C,0.94,ai_verified,"Avoiding duplication and minimising wastage reflects optimum utilization of resources, a key significance of organizing."
cq_000615_5d10b222de,Nature and Significance of Management,functions of management,types of plans,statement true/false,easy,D,0.99,ai_verified,"The described activity aligns with the controlling function, which measures performance and corrects deviations."
cq_000628_e75f103830,Business Finance,financial management,financial risk,case-study diagnosis,medium,A,0.95,ai_verified,Option A correctly identifies that Situation III carries more financial risk than Situation II based on typical risk assessment criteria.
cq_000282_0d043cb62e,Business Environment,dimensions,environment,definition-based,easy,B,0.98,ai_verified,Option B accurately reflects a key HR challenge at XYZ Retail: lack of development programs for employees.
cq_000690_d9e9287eb3,Nature and Significance of Management,functions of management,management,match-the-following,medium,D,0.97,ai_verified,Option D correctly matches each management function with its appropriate description.
cq_000704_1378f31050,Controlling,control process,deviation,definition-based,easy,C,0.99,ai_verified,Option C identifies 'Performance Standards' as the benchmark an organization strives to achieve.
cq_001719_7add7bf264,Business Environment,dimensions,financial risk,definition-based,easy,BLANK,0.6,ai_predicted,Insufficient information to determine the correct answer; multiple options appear plausible.
cq_000889_c663c5724e,Business Finance,financing decision,raising,definition-based,easy,D,0.62,ai_fallback_current_prediction,Fallback to current pipeline label because AI audit call failed.
cq_000744_c8e74a0619,Marketing,marketing mix,marketing mix,match-the-following,medium,D,0.97,ai_verified,Place (IV) involves making products available to customers; Promotion (I) communicates product features; Price (III) is the payment amount; Product (II) is the offering itself.
cq_001659_fa0e72ffac,Controlling,control process,performance,chronology/process order,easy,B,0.95,ai_verified,"The controlling process begins with setting performance standards, followed by measuring actual performance, comparing, and analyzing deviations."
cq_001109_41d09db010,Organising,formal and informal organisation,types of plans,feature-identification,easy,C,0.96,ai_verified,"Independent communication channels without a specified direction are characteristic of informal organization, not formal."
cq_001125_768fb8688a,Business Finance,financial planning,types of plans,statement true/false,easy,A,0.99,ai_verified,Preparing a financial blueprint to estimate funds and timing aligns with financial planning.
cq_001107_edb1e215b8,Controlling,control process,measurement of actual performance,definition-based,easy,C,0.98,ai_verified,The step that involves measuring performance objectively aligns with 'Measurement of Actual Performance' in the control process.
cq_000659_6b079c11ae,Nature and Significance of Management,coordination,coordination,principle-identification,easy,B,0.97,ai_verified,The description matches the definition of coordination in management.
cq_001665_50096046e3,Planning,planning process,sequence of planning steps,chronology/process order,easy,B → C → A → D,0.95,ai_verified,"Standard planning sequence: Search for alternatives, Determine planning premises, Evaluate alternatives, Select an alternative."
cq_000243_157dccd9eb,Principles of Management,classical management theory,classical school of management,principle-identification,easy,D,0.99,ai_verified,"Maslow's Theory of Hierarchy of Needs is a behavioral theory, not part of the classical school (Scientific Management, Administrative Management, Bureaucracy)."
cq_000081_288560882f,Nature and Significance of Management,coordination,definition of coordination,statement true/definition,easy,B,0.96,ai_verified,The statement directly defines coordination as securing unity of action among subordinates for a common purpose.
cq_001643_bd0df701d7,Business Environment,dimensions,environment,feature-identification,easy,BLANK,0.9,ai_verified,Options not provided; cannot determine correct answer.
cq_001724_7d9ef96920,Business Environment,dimensions,environment,feature-identification,easy,BLANK,0.9,ai_verified,Options not provided; cannot determine correct answer.
cq_001712_4a1d56a228,Consumer Protection,importance,consumer redressal,statement true/false,easy,BLANK,0.85,ai_verified,Options not fully provided; cannot evaluate statements.
cq_000298_1947cc617d,Business Finance,financing decision,financial risk,definition-based,easy,D,0.95,ai_verified,Financial leverage (debt/equity) matches option D.
cq_001723_44b69b6dc8,Principles of Management,nature of principles,principles,principle-identification,easy,BLANK,0.9,ai_verified,Options not provided; cannot identify principle.
cq_000024_1e53e71d22,Business Finance,financial management,financial,definition-based,easy,BLANK,0.0,ai_predicted,No options provided to determine the correct answer.
cq_000913_46aef55c78,Controlling,control process,standards of performance,definition-based,easy,A,1.0,ai_predicted,"Standards of performance are provided by planning, which serves as the basis for controlling."
cq_001685_5fadf66021,Directing,meaning and importance,hierarchy of direction,statement true/false,easy,BLANK,0.0,ai_predicted,No options provided to evaluate the statement's truth value.
cq_000187_81d4086286,Business Finance,financing decision,debt service coverage ratio,definition-based,easy,A,1.0,ai_predicted,Higher DSCR indicates better ability to meet cash commitments.
cq_000396_01b6675bde,Business Finance,financing decision,capital structure factors,definition-based,easy,A,1.0,ai_predicted,"Cash flow position, tax rate, and cost of debt are key factors; nature of business is not listed in option A."
cq_000004_d8b9d61134,Organising,organisation structure,decentralisation,definition-identification,medium,C,0.95,ai_verified,"The passage describes Wipro's shift from centralized to decentralized structure, making 'decentralisation' the key change."
cq_000867_f14d366f20,Business Finance,fixed capital,financial efficiency,definition-identification,easy,D,0.98,ai_verified,Obtaining capital at a lower rate than market reflects efficient financial management.
cq_000068_d22e4041ce,Entrepreneurship Development,concept and functions,entrepreneurial traits,feature-identification,easy,B,0.9,ai_verified,"Typical entrepreneur traits include risk-taking, innovation, and initiative; 'laziness' is not a characteristic."
cq_001127_73e7670f45,Business Finance,financing decision,financial risk,statement true/false,easy,B,0.65,ai_fallback_current_prediction,Fallback to current pipeline label because AI audit call failed.
cq_001692_90c2f4dec0,Controlling,meaning and importance,controlling functions,definition-identification,easy,A,0.93,ai_verified,"Controlling involves judging accuracy of standards, aligning with option A."
cq_000662_5bff2858d2,Business Finance,financing decision,financial risk,definition-based,easy,D,0.98,ai_verified,"The term 'Business Finance' directly refers to the money required for business activities, aligning with the definition of financing decision."
cq_001076_dcdbe323bd,Business Finance,financing decision,financial risk,definition-based,easy,B,0.97,ai_verified,"Increasing debt to leverage low-interest rates raises financial risk, as per financial risk principles."
cq_000180_fd5da6d3b2,Marketing,product,product mix,definition-based,easy,B,0.96,ai_verified,Aroma Coffee House's use of recyclable materials aligns with sustainable product packaging in marketing.
cq_000045_68f49d922c,Entrepreneurship Development,need and characteristics,entrepreneurship,definition-based,easy,BLANK,0.85,ai_predicted,Insufficient information to determine the specific competency described by a 'never say die' attitude.
cq_000027_4a568d8dab,Entrepreneurship Development,concept and functions,entrepreneurship,definition-based,easy,BLANK,0.84,ai_predicted,No options provided to match the competency indicated by the 'never say die' attitude.
cq_000457_ca3871233e,Business Finance,financial management,decision types in financial management,feature-identification,easy,B,0.98,ai_verified,"Pricing decisions are part of marketing strategy, not financial management."
cq_001710_536b80ab34,Principles of Management,principles of coordination and span of control,coordination principle,principle-identification,medium,B,0.85,ai_verified,Conflict between marketing's discount policy and finance's limit violates the principle of coordination (unity of command).
cq_000173_1db2cae0e8,Organising,delegation,offloading workload,definition-based,easy,A,0.99,ai_verified,Delegation of authority is the method to offload excess workload.
cq_000008_ed220d2a7f,Nature and Significance of Management,levels of management,top management,definition-based,easy,D,0.95,ai_verified,"Chairman, CEO, COO, President, Vice-President are top-level (executive) management."
cq_000862_c81259bb58,Entrepreneurship Development,entrepreneurial process,sequence of entrepreneurial stages,chronology/process order,easy,B,0.97,ai_verified,Logical sequence: Opportunity spotting → Evaluating ideas → Identifying product/service → Project setup.
